subject,trial_global,condition,TIME,FPOGX,FPOGY,LPMM,RPMM,pupil,aoi_current,MEDIA_ID
S01,S01::T01,A,0.0,0.47224071336947354,0.6405806713475579,3.5867777596162913,3.60762013031469,3.569535257326283,center,1
S01,S01::T01,A,0.016666666666666666,0.5178404670475695,0.551396783715624,3.531150410939377,3.5513560028979043,3.5396318239968023,center,1
S01,S01::T01,A,0.03333333333333333,0.4524437011522103,0.5563952506153738,3.562811041010143,3.553842511314909,3.5662560021961243,center,1
S01,S01::T01,A,0.05,0.5770102135610459,0.5741990494690445,3.4527632667740122,3.4829018656892146,3.458883035416217,center,1
S01,S01::T01,A,0.06666666666666667,0.5597644202796842,0.6224236080035846,3.522574953113467,3.5768113833611146,3.548285427361459,center,1
S01,S01::T01,A,0.08333333333333333,0.536365766135776,0.6885387506394149,3.60730460290976,3.571265744691405,3.5703724228823135,center,1
S01,S01::T01,A,0.1,0.5447048325008343,0.6028475035690587,3.5562772012790997,3.514609262388304,3.5499042450629026,center,1
S01,S01::T01,A,0.11666666666666667,0.5751404687904126,0.6236511089497522,3.5522924206775284,3.5177511993929023,3.493279056916164,center,1
S01,S01::T01,A,0.13333333333333333,0.5638444851764921,0.5761162547563109,3.2861035993833507,3.2832326428832,3.2817967027985775,center,1
S01,S01::T01,A,0.15,0.5738114798124059,0.5749339107492615,3.5526569589920847,3.525101763899842,3.541382662278137,center,1
S01,S01::T01,A,0.16666666666666666,0.6152023737003189,0.5411224814029822,3.523434245398793,3.493263277927171,3.516352701291527,right,1
S01,S01::T01,A,0.18333333333333332,0.6160497085047868,0.60649336255838,3.501473655743607,3.472085334167047,3.4890406659236697,right,1
S01,S01::T01,A,0.2,0.6035568676654488,0.6383093855040569,3.5823065012391404,3.5569093142200576,3.559918543021187,right,1
S01,S01::T01,A,0.21666666666666667,0.6102859906774656,0.5901587100042415,3.538204961831949,3.6055085125566526,3.531486309802241,right,1
S01,S01::T01,A,0.23333333333333334,0.626075580437892,0.6488264069178304,3.5505199669127845,3.5371091489185575,3.5304141384817576,right,1
S01,S01::T01,A,0.25,0.6057885768054169,0.6040069591720687,3.4332534209160945,3.4061646539280304,3.432143706879216,right,1
S01,S01::T01,A,0.26666666666666666,0.6196348093229613,0.5927687778143882,3.464065595147544,3.4770185462392833,3.4369600666824818,right,1
S01,S01::T01,A,0.2833333333333333,0.6590753793694794,0.6089432929224841,3.552125784164207,3.592435694343666,3.550516906143533,right,1
S01,S01::T01,A,0.3,0.6410561612275603,0.6045344502329482,3.5342371345922556,3.4927177200932995,3.53704407884231,right,1
S01,S01::T01,A,0.31666666666666665,0.602855786081491,0.6241328238307776,3.5291237254764942,3.519029874455397,3.545454682699039,right,1
S01,S01::T01,A,0.3333333333333333,0.6391798174940367,0.5522272735076605,3.545365603886744,3.5679036247488956,3.552229104477601,right,1
S01,S01::T01,A,0.35,0.6833629305391801,0.49640915821054804,3.5493287706737444,3.5705469822009306,3.5725531099630365,right,1
S01,S01::T01,A,0.36666666666666664,0.6563082853527534,0.5765680282373461,3.5611259874131767,3.5378164790047673,3.556142185054256,right,1
S01,S01::T01,A,0.38333333333333336,0.662838828411225,0.547076997685859,3.5473291817224344,3.572241729351597,3.57006215907831,right,1
S01,S01::T01,A,0.4,0.693654454919121,0.5633480131396859,3.6048931845496495,3.5680032415619976,3.583083943409286,right,1
S01,S01::T01,A,0.4166666666666667,0.7377280094040726,0.6182505007713679,3.6123124915129132,3.6275659488647363,3.631097282357841,right,1
S01,S01::T01,A,0.43333333333333335,0.6511049646166949,0.5169960610361506,3.559792989021914,3.5389688524091163,3.5525442737559927,right,1
S01,S01::T01,A,0.45,0.7249711397773182,0.5778614217707254,3.630799939232985,3.6333719198181034,3.6391536335480885,right,1
S01,S01::T01,A,0.4666666666666667,0.6359634940293941,0.5796072344285506,3.6119686391339916,3.634675001265256,3.6391134289937015,right,1
S01,S01::T01,A,0.48333333333333334,0.6858775330517364,0.557954414040522,3.6025857480437256,3.6561716721926056,3.616586943114689,right,1
S01,S01::T01,A,0.5,0.6390664668170665,0.5762298248959778,3.57847329953184,3.6028341354638425,3.5914063604109523,right,1
S01,S01::T01,A,0.5166666666666667,0.7270543527134699,0.5162276987241126,3.661454191404895,3.6240154173552104,3.6519662203732257,right,1
S01,S01::T01,A,0.5333333333333333,0.708201246051428,0.5035492647474892,3.660519419236859,3.680606020663545,3.691743161419068,right,1
S01,S01::T01,A,0.55,0.7176039887700522,0.5588501556999274,3.602158960136103,3.571263624404338,3.585594607208045,right,1
S01,S01::T01,A,0.5666666666666667,0.6450729077226426,0.5427404641925143,3.647619974672873,3.5915183164424893,3.6640238349360525,right,1
S01,S01::T01,A,0.5833333333333334,0.697826074623998,0.5612066505674593,3.6643794103539737,3.682112354746349,3.674300382659062,right,1
S01,S01::T01,A,0.6,0.6530247063890953,0.51496499756692,3.6518006539909655,3.651413279910098,3.6406834733415674,right,1
S01,S01::T01,A,0.6166666666666667,0.6520359908791783,0.5593377995709752,3.6446580984364485,3.6471752647998823,3.652854210529888,right,1
S01,S01::T01,A,0.6333333333333333,0.6821669801546237,0.4876141005040386,3.6270166250520908,3.602816946587647,3.6062097187003137,right,1
S01,S01::T01,A,0.65,0.691066310390311,0.4553536171906839,3.5842881463776894,3.667364471690657,3.641864229667628,right,1
S01,S01::T01,A,0.6666666666666666,0.663039280220387,0.41615846249480687,3.597037997387929,3.6583622308350807,3.623980008924088,right,1
S01,S01::T01,A,0.6833333333333333,0.6289811536948053,0.4439209914195661,3.729069172049407,3.705776489720388,3.6867154978364316,right,1
S01,S01::T01,A,0.7,0.6167194807565851,0.5061618649627744,3.719406326046279,3.7432484010117584,3.696803433519907,right,1
S01,S01::T01,A,0.7166666666666667,0.6904373689661379,0.42132539150560566,3.6761916685453864,3.710091072135906,3.7037447761879276,right,1
S01,S01::T01,A,0.7333333333333333,0.6545541754608614,0.4518968726993634,3.769379508765853,3.7392251137711634,3.7634028553833727,right,1
S01,S01::T01,A,0.75,0.6524696983885723,0.5366483991994686,3.783990980031231,3.719178333985862,3.733695668587483,right,1
S01,S01::T01,A,0.7666666666666667,0.6968655941395435,0.487809212308255,3.685726757257786,3.7107007710937254,3.7040079148776974,right,1
S01,S01::T01,A,0.7833333333333333,0.5847224671867226,0.5161825891259351,3.7318987056587387,3.6910946023745845,3.7061207657007236,center,1
S01,S01::T01,A,0.8,0.6953823683568499,0.41420180845099325,3.667120203212968,3.6947121132915686,3.682109385509646,right,1
S01,S01::T01,A,0.8166666666666667,0.7083168109765996,0.35830535177554507,3.702023300455521,3.7183490225503926,3.7376636629431683,right,1
S01,S01::T01,A,0.8333333333333334,0.6466444592091046,0.4930733327985543,3.7139435200630406,3.7240410416314447,3.7348993983932255,right,1
S01,S01::T01,A,0.85,0.6106670185575521,0.3861077957921142,3.8387704961302167,3.8884323668130523,3.8423271561287367,right,1
S01,S01::T01,A,0.8666666666666667,0.5499788273324827,0.43469669575275194,3.8558253949433374,3.8337013272512683,3.833141371860129,center,1
S01,S01::T01,A,0.8833333333333333,0.5993132278918619,0.4350463693243692,3.8192784627169196,3.8467547916265845,3.824896009986925,center,1
S01,S01::T01,A,0.9,0.5401288337688678,0.3902977467974063,3.8658671541237934,3.8774373798101385,3.8551571559034388,center,1
S01,S01::T01,A,0.9166666666666666,0.5458296504758076,0.47404648452075043,3.6852101152433026,3.6254811155715,3.6506857382760955,center,1
S01,S01::T01,A,0.9333333333333333,0.5272589431385558,0.4702672126629578,3.7002862845343514,3.756062596149336,3.7566076585049055,center,1
S01,S01::T01,A,0.95,0.5380922521844276,0.4318243108071367,3.755701593648466,3.760884530875812,3.7537150594024866,center,1
S01,S01::T01,A,0.9666666666666667,0.5638978434286964,0.4081284202275599,3.7128809013708324,3.722035988500846,3.727851495493613,center,1
S01,S01::T01,A,0.9833333333333333,0.4899750300984027,0.412657074273638,3.831580169005698,3.8329257130670977,3.817611751564424,center,1
S01,S01::T01,A,1.0,0.46551086582293993,0.36456118025245837,3.8659025582325333,3.7784711018085315,3.832628087160533,center,1
S01,S01::T01,A,1.0166666666666666,0.4554760485650385,0.391682219596586,3.6879612725092223,3.765726264627037,3.729177734654808,center,1
S01,S01::T01,A,1.0333333333333334,0.44729517015919656,0.39368362865182693,3.7146888325649337,3.7193197410451138,3.6994838691256087,center,1
S01,S01::T01,A,1.05,0.421753191859886,0.3650150486059518,3.575628512596949,3.5708954899600385,3.582749374785167,center,1
S01,S01::T01,A,1.0666666666666667,0.4306232030299274,0.4222371091420484,3.5776783481316095,3.5491885670082195,3.572683254695297,center,1
S01,S01::T01,A,1.0833333333333333,0.4986768684595523,0.3404476962712009,3.6335771652847706,3.644066959715836,3.671831207461868,center,1
S01,S01::T01,A,1.1,0.4236110221241445,0.37255715752280383,3.6182882604624265,3.6313048881251904,3.615375105884415,center,1
S01,S01::T01,A,1.1166666666666667,0.44449253710786923,0.30782411206198407,3.5717106658740474,3.539724716750566,3.530429182106159,center,1
S01,S01::T01,A,1.1333333333333333,0.38419611543323706,0.4025103079449625,3.605301899026617,3.6356924970732774,3.5934889738549174,left,1
S01,S01::T01,A,1.15,0.42421948034339724,0.40976121225967826,3.5941539435072927,3.589588044845305,3.6135703291413286,center,1
S01,S01::T01,A,1.1666666666666667,0.3490726493014657,0.4043675206235211,3.6261329260915893,3.6371756159045585,3.639581217495726,left,1
S01,S01::T01,A,1.1833333333333333,0.3775085172855063,0.4838135068229129,3.619452839307344,3.560150933232648,3.568871944980818,left,1
S01,S01::T01,A,1.2,0.47310751703684395,0.41383892272391776,3.5842418830136245,3.539747527748499,3.551564048004813,center,1
S01,S01::T01,A,1.2166666666666666,0.3663183904268417,0.34745118277715287,3.5732537810913145,3.5780012998091038,3.560968376585542,left,1
S01,S01::T01,A,1.2333333333333334,0.41875566434410383,0.47332916763293403,3.5776810625701283,3.583133412939288,3.5643572490728683,center,1
S01,S01::T01,A,1.25,0.38864767376566356,0.34778887093195243,3.460851745782539,3.5144814159685143,3.4780777317357425,left,1
S01,S01::T01,A,1.2666666666666666,0.36087942921120325,0.4077111103048562,3.6167766422829715,3.574704866541158,3.5922518336283393,left,1
S01,S01::T01,A,1.2833333333333334,0.337289988192072,0.40643032375741267,3.68119388441007,3.64172078598408,3.6685498054817294,left,1
S01,S01::T01,A,1.3,0.3994187699569802,0.3501559301854952,3.5837051845351606,3.5520555162757206,3.5813326760425293,left,1
S01,S01::T01,A,1.3166666666666667,0.3428308766907229,0.43051767756599973,3.4593520502026807,3.515502161013717,3.4413928862634333,left,1
S01,S01::T01,A,1.3333333333333333,0.3975752840583123,0.3950330680680826,3.5669609311758097,3.5484594163846963,3.5301899308386258,left,1
S01,S01::T01,A,1.35,0.3144510595962908,0.40375343133741487,3.3926496877145627,3.4247279258803642,3.415221475567399,left,1
S01,S01::T01,A,1.3666666666666667,0.33756868218302394,0.3614710054270441,3.438037984451452,3.406214506265679,3.408424082071697,left,1
S01,S01::T01,A,1.3833333333333333,0.3482479926681699,0.4322670036059941,3.558331173202068,3.5127406423394154,3.5550992093313507,left,1
S01,S01::T01,A,1.4,0.34187043312285875,0.35829399299956355,3.496506058363796,3.471682753949429,3.517891570493596,left,1
S01,S01::T01,A,1.4166666666666667,0.28295029835325747,0.32810396840227096,3.5178489987099146,3.481803074287991,3.469987271056896,left,1
S01,S01::T01,A,1.4333333333333333,0.3006912362324108,0.4423940330650454,3.4023305642032224,3.379145823729578,3.3842132897805883,left,1
S01,S01::T01,A,1.45,0.31535679122506044,0.37990769085184967,3.39529195758832,3.4362078603081843,3.431808589462505,left,1
S01,S01::T01,A,1.4666666666666666,0.29110658300736225,0.39887424182871645,3.500461078631907,3.4921276416536218,3.516373300017808,left,1
S01,S01::T01,A,1.4833333333333334,0.34395306255497815,0.4673459444929836,3.5088260319513593,3.510186216383286,3.5074407585073164,left,1
S01,S01::T02,B,0.0,0.49368275788894717,0.6043090357916344,3.6673422737055392,3.7191915413311527,3.6977509720537323,center,2
S01,S01::T02,B,0.016666666666666666,0.48232106476733255,0.5726106507512243,3.642140459075821,3.6414229421961513,3.659308588532672,center,2
S01,S01::T02,B,0.03333333333333333,0.4843097491921529,0.5842307372204079,3.813217970365178,3.7655551537459653,3.7638316718550775,center,2
S01,S01::T02,B,0.05,0.5283794240527495,0.6511221615125888,3.689673172681684,3.6850450174894296,3.6907851607994124,center,2
S01,S01::T02,B,0.06666666666666667,0.5802110902476427,0.6786768050960952,3.7146950633038878,3.686615875701568,3.704311554782457,center,2
S01,S01::T02,B,0.08333333333333333,0.49043657389815754,0.6255177239201655,3.6394024079303673,3.665137048459309,3.63796948997988,center,2
S01,S01::T02,B,0.1,0.5326216892173856,0.6457103875052567,3.6635040390778983,3.6120490664317364,3.671520025269173,center,2
S01,S01::T02,B,0.11666666666666667,0.558823690888823,0.649068224500397,3.729040572884618,3.7646152607583376,3.7454133217643015,center,2
S01,S01::T02,B,0.13333333333333333,0.5676567661085289,0.5655213355667201,3.759287650841811,3.740354591095728,3.731265234758647,center,2
S01,S01::T02,B,0.15,0.5609715701045626,0.546030381848,3.7124057675435598,3.6507298926109444,3.676720370076668,center,2
S01,S01::T02,B,0.16666666666666666,0.6574977292051665,0.6078314807727685,3.721926371289078,3.6951990078253414,3.689954763894957,right,2
S01,S01::T02,B,0.18333333333333332,0.6120279955037179,0.5412545099650133,3.720051538815749,3.6316420244367813,3.7031523673706754,right,2
S01,S01::T02,B,0.2,0.5713129238351813,0.5956198145833472,3.659073491256119,3.6425853588074695,3.636761400952952,center,2
S01,S01::T02,B,0.21666666666666667,0.5474030890965365,0.550905880225516,3.732132729922515,3.689129637905021,3.6844247030921347,center,2
S01,S01::T02,B,0.23333333333333334,0.6144182635539016,0.5781092668959311,3.6431503189493144,3.6474018199313996,3.667482969988682,right,2
S01,S01::T02,B,0.25,0.6790606270968336,0.5707904989804953,3.6281534802228097,3.625708141846116,3.6180132096429856,right,2
S01,S01::T02,B,0.26666666666666666,0.6405129171466851,0.6122431256557115,3.697796345534332,3.686949454449316,3.71364978473663,right,2
S01,S01::T02,B,0.2833333333333333,0.5588265888347967,0.5681858841306303,3.737557433073203,3.693690039192295,3.699656903467703,center,2
S01,S01::T02,B,0.3,0.5974300406638923,0.5473048721241806,3.6229393709712947,3.6113186239073625,3.624652288412345,center,2
S01,S01::T02,B,0.31666666666666665,0.655262795777241,0.5856677775551815,3.7043891331780063,3.6973162697489097,3.669429787842803,right,2
S01,S01::T02,B,0.3333333333333333,0.693250931833974,0.6841471117444173,3.6914868646454897,3.7151134430404857,3.717027958139651,right,2
S01,S01::T02,B,0.35,0.6653187806939149,0.5937380086623179,3.5313497622449237,3.600761239524602,3.5544025378829054,right,2
S01,S01::T02,B,0.36666666666666664,0.6696634482447822,0.5044794753881241,3.7561003703659046,3.738013039873928,3.7450184480006556,right,2
S01,S01::T02,B,0.38333333333333336,0.7055993488371307,0.571681615773458,3.7481618678111848,3.7702035337496236,3.756599316299947,right,2
S01,S01::T02,B,0.4,0.7151590392914066,0.6542876193233023,3.7805002297099417,3.8252174864309896,3.786650984859825,right,2
S01,S01::T02,B,0.4166666666666667,0.6501880803417105,0.56591996284766,3.6964610121414205,3.6887496589434217,3.7196160250639405,right,2
S01,S01::T02,B,0.43333333333333335,0.6913981704089687,0.6004188306320843,3.7133229539240946,3.66741855842837,3.6780608777390795,right,2
S01,S01::T02,B,0.45,0.6442754887786478,0.5899475142873076,3.845163863233422,3.831663869816066,3.809667117129964,right,2
S01,S01::T02,B,0.4666666666666667,0.6413339982588074,0.5880949880935904,3.6644794421778624,3.6831941378381385,3.6984317428984275,right,2
S01,S01::T02,B,0.48333333333333334,0.7003452388322015,0.5786064618568554,3.8239525510303096,3.8172085923511356,3.822719636288799,right,2
S01,S01::T02,B,0.5,0.6301795696563066,0.5469747765371477,3.7669427464947134,3.7440584292087804,3.759370801467475,right,2
S01,S01::T02,B,0.5166666666666667,0.6856985516114891,0.5258193045027401,3.7469642165693764,3.7741245643336914,3.74908743781725,right,2
S01,S01::T02,B,0.5333333333333333,0.6900109072382609,0.517652882789602,3.8708879518383505,3.8178139023311566,3.8375650084273074,right,2
S01,S01::T02,B,0.55,0.7079289676413895,0.5266952564845624,3.8916286109223295,3.894258250033151,3.897427929083115,right,2
S01,S01::T02,B,0.5666666666666667,0.6358015465433591,0.5324761575034521,3.7971323555734426,3.8543284858958753,3.8308786949125615,right,2
S01,S01::T02,B,0.5833333333333334,0.6871952157798227,0.4678948782735137,3.8497889707960646,3.8487060493739382,3.8356713776357934,right,2
S01,S01::T02,B,0.6,0.6668001864120626,0.49771883660142,3.7562876351012755,3.7808029690770733,3.7590446415934986,right,2
S01,S01::T02,B,0.6166666666666667,0.7200565852102985,0.5010934218740946,3.943969333098522,3.9488846745091544,3.9198839664061667,right,2
S01,S01::T02,B,0.6333333333333333,0.6384418541221335,0.5012619800274702,3.8793980915461677,3.8923845264224664,3.8836501623056003,right,2
S01,S01::T02,B,0.65,0.6215304522322848,0.4816261318035547,3.8620311813843564,3.863677383238386,3.871750817213754,right,2
S01,S01::T02,B,0.6666666666666666,0.6733923124660088,0.5156806680810612,3.9992681514582022,3.976074776280617,3.974731325517631,right,2
S01,S01::T02,B,0.6833333333333333,0.6210072752410777,0.4788303718417691,3.805821818162288,3.8247443397572267,3.809664116467206,right,2
S01,S01::T02,B,0.7,0.600322639842565,0.46437387722212126,3.8967633559628245,3.861268556849318,3.880125802288469,right,2
S01,S01::T02,B,0.7166666666666667,0.6717387845460276,0.429307762698055,3.9003204251047454,3.9343203935621913,3.9165129017069353,right,2
S01,S01::T02,B,0.7333333333333333,0.6488295916632114,0.44052065145454666,3.9165109989164626,3.8981197113247434,3.903359396941966,right,2
S01,S01::T02,B,0.75,0.5183794339569446,0.47095439525225974,3.8086519926374964,3.77627765365027,3.778755598675486,center,2
S01,S01::T02,B,0.7666666666666667,0.5882090381446538,0.4623425045000284,3.9004187258994656,3.9288055017696313,3.9487028349550957,center,2
S01,S01::T02,B,0.7833333333333333,0.5744963758533379,0.3821434172651297,3.8907349493163417,3.956243955990297,3.9276037491030458,center,2
S01,S01::T02,B,0.8,0.6283535019495676,0.4812571050994577,4.003276220597432,3.993613602316098,3.990645912704043,right,2
S01,S01::T02,B,0.8166666666666667,0.6495747289957082,0.4198131771084177,3.993886030709152,4.014894534585511,4.0518257477453075,right,2
S01,S01::T02,B,0.8333333333333334,0.6620340352587434,0.4084326616517496,3.9127005109654247,3.8719638719760137,3.9164690625953544,right,2
S01,S01::T02,B,0.85,0.6064327014319343,0.47471566036316276,3.971562895206557,3.9454442128402762,3.948018028170369,right,2
S01,S01::T02,B,0.8666666666666667,0.5348521838896221,0.47223165885499646,3.9326980653928048,3.934690615604096,3.9362758690162067,center,2
S01,S01::T02,B,0.8833333333333333,0.5249117016909404,0.4025487771910762,3.902655382468946,3.9003302432095075,3.9264091163347166,center,2
S01,S01::T02,B,0.9,0.5222773099801615,0.41106249568401715,3.8546377843111443,3.9026909852837206,3.902104104013629,center,2
S01,S01::T02,B,0.9166666666666666,0.5637166359856872,0.37686249115673776,3.9370608989634364,3.9209643735461617,3.9269044334236223,center,2
S01,S01::T02,B,0.9333333333333333,0.581713845976727,0.4445383403992073,3.9568551668980168,3.940416206826335,3.963918428437153,center,2
S01,S01::T02,B,0.95,0.4610367422622511,0.44418748129214813,3.8433751345341927,3.7758227599509446,3.8371079918495647,center,2
S01,S01::T02,B,0.9666666666666667,0.5401386952935932,0.3938021462110282,3.965723092020899,3.9768738836653035,3.9933342566991903,center,2
S01,S01::T02,B,0.9833333333333333,0.5418954307294177,0.454665741823965,3.8876771374297867,3.905837099683793,3.9003893246616346,center,2
S01,S01::T02,B,1.0,0.5110589316023003,0.4350683673484278,3.8737241372148197,3.882420987248573,3.8785342840763377,center,2
S01,S01::T02,B,1.0166666666666666,0.6038476613182937,0.39571959341867635,3.746612318011849,3.749770547676728,3.715467985404313,right,2
S01,S01::T02,B,1.0333333333333334,0.4999185864802661,0.4226117569290592,3.8558477157747366,3.8708725589184203,3.8396575188388367,center,2
S01,S01::T02,B,1.05,0.47297901045463936,0.3369296694959368,3.8147805018557177,3.7807999659798464,3.7715394572543515,center,2
S01,S01::T02,B,1.0666666666666667,0.48394414966145904,0.3833167627433034,3.8194098837228045,3.87949943179257,3.854367447221676,center,2
S01,S01::T02,B,1.0833333333333333,0.43436638531114585,0.3991825255231463,3.8422790987047546,3.9136983719985747,3.8671520142140703,center,2
S01,S01::T02,B,1.1,0.40590266763939203,0.3880620099021391,3.9120320361126955,3.855950241682794,3.868905898174608,center,2
S01,S01::T02,B,1.1166666666666667,0.45027008095680715,0.45842304695482206,3.7527840721136267,3.7630622212532367,3.780278633380742,center,2
S01,S01::T02,B,1.1333333333333333,0.4671643065064983,0.3959903120481319,3.774827637897357,3.808486280754284,3.776454665768028,center,2
S01,S01::T02,B,1.15,0.4100589010381385,0.3965961549831183,3.7673114762217446,3.8202447096508654,3.7981971792571327,center,2
S01,S01::T02,B,1.1666666666666667,0.44240019783069673,0.33614254995496023,3.585800177320871,3.667884051179466,3.6375415983571333,center,2
S01,S01::T02,B,1.1833333333333333,0.388812894000405,0.37511841183054273,3.7277578941352347,3.7343005672988685,3.7293069757697785,left,2
S01,S01::T02,B,1.2,0.4512973451383869,0.3535229674818761,3.712497109563883,3.7385438021946777,3.715150261646817,center,2
S01,S01::T02,B,1.2166666666666666,0.39423996683488266,0.46262766856375914,3.7811276671558893,3.81404322120897,3.771844848805833,left,2
S01,S01::T02,B,1.2333333333333334,0.3982574761156008,0.36555824863783976,3.662129436976296,3.683908928467983,3.7065357225979145,left,2
S01,S01::T02,B,1.25,0.39953657624305106,0.3841670178359704,3.738848734931495,3.7904439136741064,3.7724993670598863,left,2
S01,S01::T02,B,1.2666666666666666,0.31891119938705415,0.4226585442082553,3.6684937937944655,3.771458840856802,3.7106832473501377,left,2
S01,S01::T02,B,1.2833333333333334,0.35373926688839147,0.40340415289674675,3.770742728107598,3.798994787685994,3.7684472356723524,left,2
S01,S01::T02,B,1.3,0.41879540032216245,0.331550366416266,3.82142252953167,3.850488916538754,3.84558079108011,center,2
S01,S01::T02,B,1.3166666666666667,0.35031653772470966,0.40402870299521904,3.817371950498906,3.7841072648182283,3.8017657409208483,left,2
S01,S01::T02,B,1.3333333333333333,0.39320666366190077,0.4074832282051272,3.7556520987478788,3.800280586081323,3.761346120793474,left,2
S01,S01::T02,B,1.35,0.37056200503204817,0.37741236050731564,3.801502609815641,3.7843168268124567,3.769842746051985,left,2
S01,S01::T02,B,1.3666666666666667,0.27159130140985815,0.4013719981922072,3.725504565457044,3.627575454315534,3.6762204792711404,left,2
S01,S01::T02,B,1.3833333333333333,0.3567134967181764,0.39034042200264674,3.6565873107931726,3.6397722347970034,3.6493064741383754,left,2
S01,S01::T02,B,1.4,0.29071974543987233,0.33993858001412086,3.678069825421077,3.6702232652900975,3.642476438262249,left,2
S01,S01::T02,B,1.4166666666666667,0.335276434904731,0.3706520903607074,3.73219507116329,3.6880370913337965,3.7029590508706263,left,2
S01,S01::T02,B,1.4333333333333333,0.30938738462167953,0.3932396549998932,3.791903331938397,3.8048702902763263,3.7778641876191883,left,2
S01,S01::T02,B,1.45,0.3229777598161744,0.37431775907606313,3.676614661002044,3.6210216489401814,3.644181693824389,left,2
S01,S01::T02,B,1.4666666666666666,0.31850532211350924,0.4162228829781356,3.697680588558652,3.7208917167557582,3.7147615469486115,left,2
S01,S01::T02,B,1.4833333333333334,0.32874006451164167,0.4351183725923128,3.6455663067858826,3.6262018444899486,3.6106947232095905,left,2
S01,S01::T03,A,0.0,0.5481531403370116,0.5887257658855263,3.465038196597949,3.445692892573502,3.480878345229324,center,3
S01,S01::T03,A,0.016666666666666666,0.4410841753274347,0.6067682456106118,3.531691398156895,3.515591367049861,3.505676124724772,center,3
S01,S01::T03,A,0.03333333333333333,0.5093078698559563,0.6540602880499986,3.5692930714905424,3.5533038491882993,3.5472819453804862,center,3
S01,S01::T03,A,0.05,0.5456176664910604,0.6299203801849096,3.5582772257896345,3.5400108713970657,3.551341103011548,center,3
S01,S01::T03,A,0.06666666666666667,0.5468595532738373,0.633221775422454,3.486076508278631,3.473432025777823,3.477279631333324,center,3
S01,S01::T03,A,0.08333333333333333,0.480391332466127,0.6344842677406899,3.4761930790466207,3.4874238115244047,3.493908375397548,center,3
S01,S01::T03,A,0.1,0.5941538261770583,0.6363724653300431,3.4194118143535848,3.450582787757691,3.4530131645256215,center,3
S01,S01::T03,A,0.11666666666666667,0.5765929230076071,0.5392234945686074,3.4270201466906207,3.4191464438027737,3.4178372048262213,center,3
S01,S01::T03,A,0.13333333333333333,0.5568846737403255,0.6268367823149399,3.576046679469506,3.5541551704942353,3.5636978972602535,center,3
S01,S01::T03,A,0.15,0.6236396907521906,0.6085952040388405,3.441126783886094,3.441008416585259,3.442109335975509,right,3
S01,S01::T03,A,0.16666666666666666,0.5294756715713533,0.6235362454105304,3.5115671133357917,3.4311513127232995,3.4653420939015818,center,3
S01,S01::T03,A,0.18333333333333332,0.5801387155166178,0.6367586033329037,3.582409736682975,3.514052113541014,3.5339781340738443,center,3
S01,S01::T03,A,0.2,0.6367426693423999,0.6197049998154779,3.422232109530011,3.4374935382388454,3.432371154301205,right,3
S01,S01::T03,A,0.21666666666666667,0.6264373898124683,0.6268077700902408,3.556978985630616,3.54190819993237,3.5443498753212945,right,3
S01,S01::T03,A,0.23333333333333334,0.6125794428062036,0.5589495106722284,3.4713039245593946,3.50038094173479,3.4675520029566838,right,3
S01,S01::T03,A,0.25,0.6218970526268868,0.6127552789519015,3.5157831633100356,3.461434678801706,3.452973395140134,right,3
S01,S01::T03,A,0.26666666666666666,0.6255920558781108,0.5902187849752591,3.505264661611475,3.4855332419274507,3.489679379612699,right,3
S01,S01::T03,A,0.2833333333333333,0.6702397049924151,0.5878121461967062,3.5167036446070523,3.4727417013717274,3.4772214455288157,right,3
S01,S01::T03,A,0.3,0.6349723775454575,0.632980950724527,3.557596025896767,3.519100974989052,3.546644022740158,right,3
S01,S01::T03,A,0.31666666666666665,0.6746880583454091,0.5668561182630242,3.554674200406638,3.6768163834289833,3.622218329575394,right,3
S01,S01::T03,A,0.3333333333333333,0.5828369851709926,0.5569644787107169,3.607515213562846,3.6038005542079357,3.5826967907095453,center,3
S01,S01::T03,A,0.35,0.7034108580498223,0.5305160014929832,3.55110638402248,3.5338264993690047,3.575762092329177,right,3
S01,S01::T03,A,0.36666666666666664,0.7498926113190789,0.5622058553221492,3.5095969517270804,3.5183980323420307,3.5170594292352337,right,3
S01,S01::T03,A,0.38333333333333336,0.6855320561591745,0.6059596470250233,3.5624176166285757,3.544847398814181,3.546127975887107,right,3
S01,S01::T03,A,0.4,0.668161826740337,0.5059265784619813,3.6033946260876775,3.580302469460418,3.57325913452661,right,3
S01,S01::T03,A,0.4166666666666667,0.6551390420734187,0.5687926305378792,3.576896697341971,3.59799957017392,3.5707800806974044,right,3
S01,S01::T03,A,0.43333333333333335,0.7005584527791261,0.4669488629688684,3.5728485601910998,3.598892807343795,3.590901516056478,right,3
S01,S01::T03,A,0.45,0.6550278132183674,0.5269344580689458,3.5034017147135104,3.500440823119733,3.5186624913045934,right,3
S01,S01::T03,A,0.4666666666666667,0.6503582551340602,0.5618140880679138,3.7411829992114565,3.730807899319183,3.705295324155675,right,3
S01,S01::T03,A,0.48333333333333334,0.6052416661602569,0.5229790517153877,3.5397658233704328,3.5588931877299412,3.528015986984587,right,3
S01,S01::T03,A,0.5,0.6884912853207301,0.4950108001929545,3.616618372243104,3.6408060289419946,3.608815152309447,right,3
S01,S01::T03,A,0.5166666666666667,0.6695744130725564,0.5193821910162254,3.6546305145028284,3.6719555748426416,3.677008122062235,right,3
S01,S01::T03,A,0.5333333333333333,0.6707550783831894,0.5620209054594026,3.6006811349175263,3.566339148703555,3.5926349006955736,right,3
S01,S01::T03,A,0.55,0.677703061291863,0.5747034831519388,3.6925010873686355,3.6784475877983143,3.710508380398387,right,3
S01,S01::T03,A,0.5666666666666667,0.6512824462037482,0.5704573335038469,3.5883319644092095,3.56014680462519,3.572955373506023,right,3
S01,S01::T03,A,0.5833333333333334,0.6804239546479948,0.5364235147037025,3.628368676656307,3.634676365003001,3.6230623990114696,right,3
S01,S01::T03,A,0.6,0.6333928969788096,0.5201551371448935,3.5312338947753927,3.53571246171702,3.5364627655591954,right,3
S01,S01::T03,A,0.6166666666666667,0.664005830670645,0.5370174311083997,3.7511966750587553,3.758309295993107,3.7491190096337332,right,3
S01,S01::T03,A,0.6333333333333333,0.654588575184265,0.45701388832063516,3.656468212292841,3.5962213951250677,3.6246440520437675,right,3
S01,S01::T03,A,0.65,0.6005908198378104,0.4585430452348469,3.6643297437529903,3.632533386669833,3.663409895767929,right,3
S01,S01::T03,A,0.6666666666666666,0.6134655981885768,0.5326610444873408,3.793376442831504,3.7125205989945553,3.7589509961083127,right,3
S01,S01::T03,A,0.6833333333333333,0.6302235013418239,0.512439601515266,3.743817693823215,3.7294402304938385,3.741004218293558,right,3
S01,S01::T03,A,0.7,0.6259383485536965,0.5081421180025041,3.775363635323423,3.807118141213366,3.790818985507114,right,3
S01,S01::T03,A,0.7166666666666667,0.6489582327387197,0.4803617987278288,3.783349817005119,3.746678704206631,3.7715652773569355,right,3
S01,S01::T03,A,0.7333333333333333,0.6195912999936858,0.4388548005916049,3.801103147795454,3.7967738764243886,3.7910068459748953,right,3
S01,S01::T03,A,0.75,0.6254885470837109,0.4251143843057886,3.692819635808398,3.6752722640437074,3.7125145003535875,right,3
S01,S01::T03,A,0.7666666666666667,0.6061350834320394,0.49100299607786474,3.7571080870775,3.754729470455863,3.738959170175213,right,3
S01,S01::T03,A,0.7833333333333333,0.5226229394780962,0.49139706110251086,3.8014735988386943,3.775713316974178,3.7900832195839773,center,3
S01,S01::T03,A,0.8,0.601482484617112,0.40968992475566063,3.819890466152501,3.8747853062489646,3.7914471193032666,right,3
S01,S01::T03,A,0.8166666666666667,0.568559075213678,0.41852148204440637,3.8049620123641508,3.8140635827734934,3.802459420265667,center,3
S01,S01::T03,A,0.8333333333333334,0.5844054087415469,0.43639873968105247,3.676424713272466,3.676636892292542,3.6980629078239056,center,3
S01,S01::T03,A,0.85,0.5549055461035142,0.4663131090426402,3.717192428668375,3.7299106317490343,3.675436862284395,center,3
S01,S01::T03,A,0.8666666666666667,0.5961612787605595,0.41959552674029704,3.654328360688911,3.644219212395287,3.6620520363088676,center,3
S01,S01::T03,A,0.8833333333333333,0.5628992532576673,0.39762017889123785,3.6796287444696625,3.6872837561363374,3.7040637093008337,center,3
S01,S01::T03,A,0.9,0.5804125515089604,0.45810378402318686,3.7201340084088725,3.6879597354875826,3.720567712140797,center,3
S01,S01::T03,A,0.9166666666666666,0.5739361420793382,0.44060890445442696,3.6289956442600597,3.6699192971576804,3.648343434510871,center,3
S01,S01::T03,A,0.9333333333333333,0.517591652978421,0.3917414515826083,3.695367230366107,3.680115545056415,3.701408908032892,center,3
S01,S01::T03,A,0.95,0.556692765950578,0.3894463672872062,3.7110853608777385,3.7666335951477556,3.742148973463332,center,3
S01,S01::T03,A,0.9666666666666667,0.5268208679434323,0.44800975743965255,3.7268117482139673,3.749210824769959,3.7548229289985993,center,3
S01,S01::T03,A,0.9833333333333333,0.4723922716683476,0.36112616654862095,3.673705181573146,3.662266783395295,3.650983456733685,center,3
S01,S01::T03,A,1.0,0.49594092222851316,0.39266730629027685,3.7157595049269454,3.7159982311027675,3.7106315130674465,center,3
S01,S01::T03,A,1.0166666666666666,0.49387195408231266,0.4157752171152802,3.564422082798482,3.5700673308221913,3.590038402962942,center,3
S01,S01::T03,A,1.0333333333333334,0.5256319960197247,0.40310980537527846,3.603262362423108,3.5435258179422444,3.616890791979194,center,3
S01,S01::T03,A,1.05,0.45964196445551164,0.42737271469124655,3.640256855828988,3.6481183805713915,3.65268211392572,center,3
S01,S01::T03,A,1.0666666666666667,0.5175561531163434,0.33262911260627337,3.5932109465616153,3.5922165300943503,3.5973589782010946,center,3
S01,S01::T03,A,1.0833333333333333,0.48035834199016814,0.390990857667867,3.582282394395339,3.5839202867715554,3.5792896240816177,center,3
S01,S01::T03,A,1.1,0.37037792125330565,0.3989674909994182,3.6707421873224417,3.634011979225099,3.6321976300184584,left,3
S01,S01::T03,A,1.1166666666666667,0.39924861060235245,0.39835071783932735,3.5661635716688225,3.5302119327788963,3.5469775520532965,left,3
S01,S01::T03,A,1.1333333333333333,0.4473165799517869,0.40531364584929974,3.6098956065260603,3.609044695268192,3.6037553131532096,center,3
S01,S01::T03,A,1.15,0.3673450130955741,0.3429296698220162,3.5741398477182726,3.5373304270111037,3.581706505865017,left,3
S01,S01::T03,A,1.1666666666666667,0.42666638928677575,0.43320236043566884,3.5747870999076374,3.619441070867786,3.610094235843831,center,3
S01,S01::T03,A,1.1833333333333333,0.45035651830345297,0.3975719787771475,3.6136652278367762,3.6088438547711243,3.616751730323415,center,3
S01,S01::T03,A,1.2,0.3848130100397039,0.40056828756980023,3.5531878725286656,3.572336985356305,3.5718330091988233,left,3
S01,S01::T03,A,1.2166666666666666,0.4359915735472296,0.36023056025991873,3.5394292140615193,3.5715238927667956,3.5268868966808165,center,3
S01,S01::T03,A,1.2333333333333334,0.42589420031781206,0.3864315126767722,3.6085935596565357,3.60462777935379,3.6105294168496043,center,3
S01,S01::T03,A,1.25,0.37074880309787334,0.4265661328277849,3.561018281509859,3.5833043417525303,3.5557368129967,left,3
S01,S01::T03,A,1.2666666666666666,0.36506635017437233,0.37957397835180645,3.541565780278902,3.4980901809374845,3.4854955224437494,left,3
S01,S01::T03,A,1.2833333333333334,0.36645707514999737,0.3872583658831991,3.506365031781629,3.542873449129975,3.5435134120735223,left,3
S01,S01::T03,A,1.3,0.3699482539125512,0.3920313001121527,3.4622265398889462,3.4665412421641553,3.4917537070786007,left,3
S01,S01::T03,A,1.3166666666666667,0.29452825875111754,0.3245233707665991,3.416734003934854,3.3629963462075025,3.3728001151120046,left,3
S01,S01::T03,A,1.3333333333333333,0.33904333841509865,0.37658269905477354,3.4440780345478035,3.496121540003367,3.462994128934512,left,3
S01,S01::T03,A,1.35,0.2810549276107861,0.4080255985869857,3.495369166633841,3.4652151375766156,3.494429383428082,left,3
S01,S01::T03,A,1.3666666666666667,0.3234821547483086,0.368022567910083,3.487271184368112,3.4510089189797073,3.4867026367885203,left,3
S01,S01::T03,A,1.3833333333333333,0.3242763364511786,0.38519891139232143,3.3969642162497506,3.4230894680808417,3.4192495342884444,left,3
S01,S01::T03,A,1.4,0.2651997976756939,0.3872806582524725,3.423875583922206,3.5053107178881406,3.488244492314526,left,3
S01,S01::T03,A,1.4166666666666667,0.2819095568554135,0.3350765042655648,3.5384092295018834,3.5530759074606486,3.532809757365044,left,3
S01,S01::T03,A,1.4333333333333333,0.31000028685607495,0.420665361280421,3.4266249493359493,3.4469344476328296,3.4370552583442935,left,3
S01,S01::T03,A,1.45,0.3978281774293173,0.3474516546522435,3.4940635428527402,3.4956941578057363,3.5193265583969486,left,3
S01,S01::T03,A,1.4666666666666666,0.2724502703739659,0.41214966673271247,3.383016472106341,3.3811411080486917,3.381023874148077,left,3
S01,S01::T03,A,1.4833333333333334,0.32460601614342743,0.3953735698219809,3.531030483366841,3.5649917288245567,3.531809801284116,left,3
S01,S01::T04,B,0.0,0.48970526482472054,0.616330562671612,3.6634957542827467,3.6144825285043174,3.6251566105927533,center,4
S01,S01::T04,B,0.016666666666666666,0.5244075298279284,0.6469039323502639,3.7116021006513162,3.6810231879740805,3.707474139833122,center,4
S01,S01::T04,B,0.03333333333333333,0.5301351209091638,0.5985928027147835,3.7132157008357343,3.6799805210625207,3.697860861578554,center,4
S01,S01::T04,B,0.05,0.5329922277271408,0.5922139350915275,3.6342435498703347,3.6118875040687053,3.6189637610618326,center,4
S01,S01::T04,B,0.06666666666666667,0.5511517957080297,0.5799598898693171,3.635229528317476,3.645228576328636,3.6396216500606986,center,4
S01,S01::T04,B,0.08333333333333333,0.48536125376808403,0.6536141824995689,3.6863076794123586,3.688128561923514,3.704968236919962,center,4
S01,S01::T04,B,0.1,0.5355786666533041,0.5840274300086513,3.6714359232234726,3.673456772188637,3.6871367999658715,center,4
S01,S01::T04,B,0.11666666666666667,0.6023856729281736,0.6335685927688788,3.760032676191252,3.734778032925976,3.744693984060461,right,4
S01,S01::T04,B,0.13333333333333333,0.5622917186594594,0.566811383935274,3.6219712196510554,3.656779339107692,3.6365450674716744,center,4
S01,S01::T04,B,0.15,0.6054525635441703,0.5340893864996109,3.69512583759653,3.6739284516015833,3.6781642168802975,right,4
S01,S01::T04,B,0.16666666666666666,0.6058308919162467,0.5869920831347617,3.689830118510375,3.602184979794753,3.628661880111893,right,4
S01,S01::T04,B,0.18333333333333332,0.4909771852299891,0.6126578116880094,3.798144552506284,3.7644584078996015,3.758360894709978,center,4
S01,S01::T04,B,0.2,0.5593385869063509,0.640004998403398,3.77765516146684,3.74503806489992,3.7529339678681457,center,4
S01,S01::T04,B,0.21666666666666667,0.5893519544968654,0.6274372691236912,3.751862899506074,3.6980855126827166,3.7230975124911376,center,4
S01,S01::T04,B,0.23333333333333334,0.5959748086835137,0.6081884268386157,3.7744348242234973,3.760996200600318,3.754910493198204,center,4
S01,S01::T04,B,0.25,0.6109165576598665,0.5070731750270367,3.8042012640745413,3.769610804041108,3.7820882586766857,right,4
S01,S01::T04,B,0.26666666666666666,0.6179893887826655,0.60787359400691,3.800327867383703,3.7702194443987693,3.7901635129451763,right,4
S01,S01::T04,B,0.2833333333333333,0.6107147804529016,0.5362641187122866,3.7992233811616063,3.801990342073762,3.8085521579229433,right,4
S01,S01::T04,B,0.3,0.62163048605267,0.5601611090197129,3.653225334146664,3.6560999314078164,3.6687223191747855,right,4
S01,S01::T04,B,0.31666666666666665,0.5819401794962197,0.6434255215363872,3.6377598376177422,3.6651767081244655,3.668665404836081,center,4
S01,S01::T04,B,0.3333333333333333,0.7229521073419217,0.6123771286474887,3.834186908587219,3.868896663318573,3.798351517499668,right,4
S01,S01::T04,B,0.35,0.7082147379238342,0.5359606109131232,3.68070015320676,3.682698163750914,3.7019492360941486,right,4
S01,S01::T04,B,0.36666666666666664,0.6942530458967846,0.5576369912314145,3.6360025589292766,3.6401376850769083,3.627963446884412,right,4
S01,S01::T04,B,0.38333333333333336,0.6643009279707661,0.5931757722795231,3.680443162001241,3.655175086731806,3.712999810191901,right,4
S01,S01::T04,B,0.4,0.6384924653302194,0.5564163332835459,3.814514876930861,3.841398495907439,3.808319956244155,right,4
S01,S01::T04,B,0.4166666666666667,0.7582485666714902,0.5497463048924122,3.762411224338056,3.726732827871905,3.7271907239025026,right,4
S01,S01::T04,B,0.43333333333333335,0.6422311472855342,0.5137247239267283,3.84326673863945,3.8043165767857436,3.8087823828309446,right,4
S01,S01::T04,B,0.45,0.7269498870562522,0.5671788817045064,3.754845140821501,3.786386708511565,3.789958796248963,right,4
S01,S01::T04,B,0.4666666666666667,0.6889279861819141,0.5672472048618471,3.725923556906933,3.7033342591999974,3.700311248376313,right,4
S01,S01::T04,B,0.48333333333333334,0.6469487834131319,0.5113764350885639,3.8027019684622094,3.818195189719375,3.817067288468307,right,4
S01,S01::T04,B,0.5,0.6505030572288091,0.4637051433213679,3.8085336579849676,3.8036006521271455,3.800350871556346,right,4
S01,S01::T04,B,0.5166666666666667,0.6640991784748069,0.5927948687202916,3.7842056404768285,3.786072449518523,3.7768411927955596,right,4
S01,S01::T04,B,0.5333333333333333,0.6562034869323173,0.500400213062674,3.76065599781364,3.737287087412254,3.7341714648097204,right,4
S01,S01::T04,B,0.55,0.6273280278337833,0.5345568024055587,3.921721856116003,3.9344800941780824,3.9257052828485848,right,4
S01,S01::T04,B,0.5666666666666667,0.6899425304786228,0.4852372185132884,3.8001612142623262,3.7418855354923557,3.785574020134294,right,4
S01,S01::T04,B,0.5833333333333334,0.6407501574502849,0.48411411278107225,3.756747183893269,3.770489071240026,3.7282723027673446,right,4
S01,S01::T04,B,0.6,0.6968993304470341,0.538527699783673,3.9105936943212183,3.9252997747595257,3.910111938454987,right,4
S01,S01::T04,B,0.6166666666666667,0.6608069569236815,0.4890764625247623,3.824530175662899,3.8597998249940155,3.8431327319974424,right,4
S01,S01::T04,B,0.6333333333333333,0.6684242724983649,0.5220629314880326,3.928684797969068,3.9544472993331032,3.9500726836558253,right,4
S01,S01::T04,B,0.65,0.6634339997114255,0.5178799466283017,3.89586703889508,3.861836107531164,3.881617836783938,right,4
S01,S01::T04,B,0.6666666666666666,0.6413092533764263,0.4672296022832837,3.8673660864570074,3.8864150244660483,3.8951667451222773,right,4
S01,S01::T04,B,0.6833333333333333,0.646536553045791,0.4904514175424344,3.92443855163025,3.93045213998392,3.938658683553626,right,4
S01,S01::T04,B,0.7,0.6506633911431847,0.5022803740993681,3.8896161642234643,3.9441509949215527,3.9172178103720974,right,4
S01,S01::T04,B,0.7166666666666667,0.7197131014899023,0.5137310084801939,3.91589088268019,3.933673053465181,3.9227891597321176,right,4
S01,S01::T04,B,0.7333333333333333,0.587732917418218,0.45622096306502535,3.944948478800549,3.970911874161027,3.9857378765554707,center,4
S01,S01::T04,B,0.75,0.6016261902277769,0.46111264648816047,3.910398756679283,3.848603214823883,3.8706791255463977,right,4
S01,S01::T04,B,0.7666666666666667,0.6057945190077595,0.4232808339858939,3.9678461698898015,4.012958143670524,3.960891433469042,right,4
S01,S01::T04,B,0.7833333333333333,0.5680769581796106,0.47870997629238554,3.9463023504924197,3.9839622342298466,3.9465147094451023,center,4
S01,S01::T04,B,0.8,0.5579176560760317,0.4503862185361021,3.811227735960319,3.821664262966454,3.8337918385211087,center,4
S01,S01::T04,B,0.8166666666666667,0.5423924324501237,0.3958745638859968,3.9940676766170835,3.982049697716364,3.9957472128035265,center,4
S01,S01::T04,B,0.8333333333333334,0.5863519851355015,0.42582060362428364,3.982078361226609,3.9291285018563222,3.9737049562067877,center,4
S01,S01::T04,B,0.85,0.561275046896914,0.42974761594283145,3.9902772358473126,4.049487767135473,4.016988717399487,center,4
S01,S01::T04,B,0.8666666666666667,0.5773315199334933,0.4090450436256643,3.8977155992735764,3.906893913101128,3.894939126161214,center,4
S01,S01::T04,B,0.8833333333333333,0.5126943118861742,0.40044662345156706,3.8921740437003183,3.806497885510778,3.8503679017578762,center,4
S01,S01::T04,B,0.9,0.522540985127059,0.36462931007677335,4.019437357992905,4.1382997475864665,4.0943001559021965,center,4
S01,S01::T04,B,0.9166666666666666,0.5765716344188071,0.42129046476549503,3.808203802943826,3.8444211327125113,3.8427407919552143,center,4
S01,S01::T04,B,0.9333333333333333,0.5617597796903967,0.39943338697711134,3.807671835132888,3.7843987685400893,3.8486932788958095,center,4
S01,S01::T04,B,0.95,0.4715875314701969,0.44271083907446906,3.9188695989988016,3.932402402622247,3.92125725782137,center,4
S01,S01::T04,B,0.9666666666666667,0.5456844139475822,0.40378336688051525,3.8321864319752277,3.789289307910777,3.853322825601996,center,4
S01,S01::T04,B,0.9833333333333333,0.48812122080479525,0.4334532890645648,3.9017804254247928,3.9415556312199453,3.8946950906870548,center,4
S01,S01::T04,B,1.0,0.4590801563309722,0.3595784696516764,3.737021412609675,3.799346213348239,3.780892158771372,center,4
S01,S01::T04,B,1.0166666666666666,0.5138350242772549,0.4115187479687339,3.7548706503697415,3.701685056373692,3.7486044406144776,center,4
S01,S01::T04,B,1.0333333333333334,0.5103917606070076,0.42103921570362896,3.83204356474957,3.811410924503449,3.8074582342607157,center,4
S01,S01::T04,B,1.05,0.38233369591214633,0.41909387022837913,3.8662950055455294,3.9017594608222863,3.870471869792554,left,4
S01,S01::T04,B,1.0666666666666667,0.4903979296568148,0.3813041355744136,3.8181151928301995,3.8492982794207355,3.8179263506955445,center,4
S01,S01::T04,B,1.0833333333333333,0.4333995745935392,0.35792782023653835,3.946371401727672,3.886321821434615,3.8814656263700704,center,4
S01,S01::T04,B,1.1,0.42336774462606025,0.44510179347076095,3.7946990502295037,3.7694625216446025,3.7841648937049817,center,4
S01,S01::T04,B,1.1166666666666667,0.41965533456438675,0.37846202697313186,3.839576189159056,3.7705553716605027,3.801544197229203,center,4
S01,S01::T04,B,1.1333333333333333,0.4613303041601588,0.34215102111091317,3.7134956155087178,3.724934651118094,3.726514017388354,center,4
S01,S01::T04,B,1.15,0.45922905136276837,0.3750952099075463,3.6798365842400957,3.6665705188814357,3.684405181471303,center,4
S01,S01::T04,B,1.1666666666666667,0.4184611324949437,0.392824720457236,3.712626109695634,3.682930341832855,3.690696380739159,center,4
S01,S01::T04,B,1.1833333333333333,0.4257706285344879,0.3556443219249754,3.653886613550518,3.7366996516177577,3.707693471681423,center,4
S01,S01::T04,B,1.2,0.4650348535490969,0.3941259122798849,3.9086859287420226,3.8514643702757363,3.8654208777688717,center,4
S01,S01::T04,B,1.2166666666666666,0.3822719451684297,0.4105962845284887,3.697451507951667,3.650168680885301,3.6635062311896696,left,4
S01,S01::T04,B,1.2333333333333334,0.34028646304131216,0.3775441789622994,3.6562820874396618,3.6580813123187546,3.6811297988353826,left,4
S01,S01::T04,B,1.25,0.38719482519656817,0.41425660576367684,3.850894156840976,3.844152786737252,3.8099631334250574,left,4
S01,S01::T04,B,1.2666666666666666,0.38698833458673376,0.37508429059147147,3.699717269993894,3.657043464896653,3.6823363047336626,left,4
S01,S01::T04,B,1.2833333333333334,0.3507819167190474,0.36314070979590374,3.772383189979117,3.7252418322530128,3.752393897485882,left,4
S01,S01::T04,B,1.3,0.3438854771577541,0.4352656292307255,3.591540594378766,3.5622672207342436,3.57590635572652,left,4
S01,S01::T04,B,1.3166666666666667,0.4203000405918609,0.4027891458386758,3.6357891860587133,3.6369565339997503,3.650027858255171,center,4
S01,S01::T04,B,1.3333333333333333,0.3313919345358315,0.38561691224936473,3.683318566929824,3.691254959095662,3.735145489422419,left,4
S01,S01::T04,B,1.35,0.3047148937156027,0.3202890247947057,3.5955316947152656,3.5724182103451234,3.599283967529803,left,4
S01,S01::T04,B,1.3666666666666667,0.23809894042785854,0.33622266371141857,3.7293878294637084,3.738202214239503,3.708834134033505,left,4
S01,S01::T04,B,1.3833333333333333,0.35695649537740026,0.32776485192036,3.658530081832864,3.659833589907045,3.697524101153467,left,4
S01,S01::T04,B,1.4,0.36971634871775155,0.38612894404282255,3.655157229964002,3.708013000631577,3.6594069411026484,left,4
S01,S01::T04,B,1.4166666666666667,0.28169678361810535,0.3885068950319374,3.6548782727664633,3.6869698787547116,3.6746256259370136,left,4
S01,S01::T04,B,1.4333333333333333,0.3407857074319565,0.406100874407368,3.690100230427718,3.708628335992104,3.731568232945163,left,4
S01,S01::T04,B,1.45,0.306926525307739,0.43005539793728736,3.696435117818356,3.6782194893435354,3.6846419843151295,left,4
S01,S01::T04,B,1.4666666666666666,0.3199006555706565,0.34333287010588004,3.7575060338929416,3.748082509077831,3.7454221523832505,left,4
S01,S01::T04,B,1.4833333333333334,0.296347803055878,0.3522959764192991,3.7312929284535183,3.7307344313214017,3.7321209342658257,left,4
S02,S02::T01,A,0.0,0.5472527237237301,0.6628129957576931,3.5418817712137414,3.508622317170256,3.525961012821857,center,1
S02,S02::T01,A,0.016666666666666666,0.5063473702514042,0.6224501437726794,3.54866730255753,3.523212729175412,3.526864667734547,center,1
S02,S02::T01,A,0.03333333333333333,0.5481207649779194,0.5982534993800022,3.4198039172770907,3.459062824517211,3.4033129138481883,center,1
S02,S02::T01,A,0.05,0.5179686666697777,0.6323134131292726,3.4767133369024172,3.448329615503626,3.4810308477283805,center,1
S02,S02::T01,A,0.06666666666666667,0.5397171050674262,0.6277372722166243,3.4778666931441733,3.4261968438324293,3.428736909200704,center,1
S02,S02::T01,A,0.08333333333333333,0.5080707359852413,0.6243077136953548,3.38725554001302,3.3508386604573186,3.3902658504416987,center,1
S02,S02::T01,A,0.1,0.48117976049565825,0.5871125645921373,3.521893698545482,3.5296162855420703,3.5015885767623236,center,1
S02,S02::T01,A,0.11666666666666667,0.5485709177278187,0.6086539500246482,3.538416653292229,3.5594452735239366,3.5303030917189617,center,1
S02,S02::T01,A,0.13333333333333333,0.575476392014136,0.6037639873989911,3.4572650667229894,3.500968882536782,3.465338230797384,center,1
S02,S02::T01,A,0.15,0.5637886356784764,0.6344966547029223,3.5589587005969276,3.5837428518245584,3.537642168805039,center,1
S02,S02::T01,A,0.16666666666666666,0.607734179888626,0.6518805954469143,3.5026922442474513,3.513218466970803,3.5424816926651728,right,1
S02,S02::T01,A,0.18333333333333332,0.5687454071523693,0.6339095256675064,3.540147300639416,3.527366904420288,3.515876118335671,center,1
S02,S02::T01,A,0.2,0.5556697221240445,0.628633142097853,3.4617341551343235,3.487090716381391,3.4825566170555646,center,1
S02,S02::T01,A,0.21666666666666667,0.5602681517825591,0.638636255143228,3.580486514875424,3.585807050449995,3.555026766889409,center,1
S02,S02::T01,A,0.23333333333333334,0.6419028159035296,0.6404545462887065,3.632183470105543,3.627947328619339,3.6231827739465547,right,1
S02,S02::T01,A,0.25,0.5967708475067528,0.5808492720526366,3.411756874563809,3.3988286880384218,3.397545088171873,center,1
S02,S02::T01,A,0.26666666666666666,0.6323953181638778,0.5506467864074749,3.61793295706188,3.5594607230564765,3.567669716737361,right,1
S02,S02::T01,A,0.2833333333333333,0.5887087109936077,0.5938552705861293,3.4613293187613126,3.4561466574194686,3.458450361631392,center,1
S02,S02::T01,A,0.3,0.6134120366597025,0.6377207317607057,3.6240181824771645,3.5718761562339014,3.582761785061547,right,1
S02,S02::T01,A,0.31666666666666665,0.6481957397672625,0.5375045383019799,3.620923681220194,3.597377785914921,3.5963920165249568,right,1
S02,S02::T01,A,0.3333333333333333,0.6915178337239893,0.5442045568356245,3.5086854257978732,3.4677959884498244,3.51765110300229,right,1
S02,S02::T01,A,0.35,0.6207684146727759,0.5760978329559651,3.5224969234096672,3.5659480408571786,3.521707986412535,right,1
S02,S02::T01,A,0.36666666666666664,0.611297905820122,0.5506258675252971,3.5375243989103584,3.481724958839973,3.5526750744836595,right,1
S02,S02::T01,A,0.38333333333333336,0.6651672629629207,0.6007182126891816,3.5771879605168415,3.5397430452091583,3.56769529844958,right,1
S02,S02::T01,A,0.4,0.6740506883533622,0.5645349220245829,3.512944958068537,3.5441929963556564,3.5555359681449112,right,1
S02,S02::T01,A,0.4166666666666667,0.6561065030963389,0.5869662734136577,3.6117514831681805,3.671333743240035,3.6436194732365568,right,1
S02,S02::T01,A,0.43333333333333335,0.7161146705701954,0.5635869472815414,3.4959507725018586,3.5060414216217226,3.489305913411047,right,1
S02,S02::T01,A,0.45,0.6149692830254814,0.5628245870220584,3.5471357212934587,3.5602714291442803,3.5617893227203132,right,1
S02,S02::T01,A,0.4666666666666667,0.647488817472989,0.5028216992802446,3.6269212174045133,3.6473164241666858,3.639966937795065,right,1
S02,S02::T01,A,0.48333333333333334,0.6770429876079781,0.5167614240013523,3.537570469151595,3.5923541513185477,3.5930048794191984,right,1
S02,S02::T01,A,0.5,0.6465634751600483,0.465879119056789,3.630905231187447,3.6476327108948166,3.6049887607323132,right,1
S02,S02::T01,A,0.5166666666666667,0.6887217006242566,0.5028532812166816,3.632534852678699,3.6153325004472654,3.611693450930493,right,1
S02,S02::T01,A,0.5333333333333333,0.676380316207593,0.5057871688387789,3.654365230385137,3.7007581495575006,3.6969791600872917,right,1
S02,S02::T01,A,0.55,0.6662435914352393,0.5320376179869792,3.6426121269605125,3.669229411633549,3.6917441155139867,right,1
S02,S02::T01,A,0.5666666666666667,0.7576333893681024,0.4748108772889954,3.575379890322515,3.5737343553989303,3.580730865936189,right,1
S02,S02::T01,A,0.5833333333333334,0.6363343268906755,0.5722828211596187,3.624090692220515,3.594901566476022,3.602120987884684,right,1
S02,S02::T01,A,0.6,0.6591715511081137,0.547806035640711,3.6237214912960103,3.64308476514656,3.6554648042060336,right,1
S02,S02::T01,A,0.6166666666666667,0.6823444455130937,0.46450209851596985,3.6625029302757937,3.7085678752070477,3.681726421636442,right,1
S02,S02::T01,A,0.6333333333333333,0.6352722971391321,0.43072215154053295,3.716615438512477,3.7411158627199823,3.753672031299677,right,1
S02,S02::T01,A,0.65,0.6622944460690897,0.4340305354576598,3.7236035737724418,3.6792500316840293,3.7010222024318473,right,1
S02,S02::T01,A,0.6666666666666666,0.6829693269290741,0.49583758009509493,3.804772294733849,3.7959394148389642,3.795526808846488,right,1
S02,S02::T01,A,0.6833333333333333,0.6557124007254663,0.4368200128215023,3.8267640615639786,3.791349329163228,3.835622997936205,right,1
S02,S02::T01,A,0.7,0.6687948029457248,0.4649740594074344,3.6787666552337175,3.6650178338349964,3.678332801984032,right,1
S02,S02::T01,A,0.7166666666666667,0.6239320898800845,0.4899064402353097,3.753264725130198,3.7097825710392187,3.7465244243819242,right,1
S02,S02::T01,A,0.7333333333333333,0.6218030432340529,0.4790791617707308,3.8158626797111674,3.8192550946253756,3.8030599433861747,right,1
S02,S02::T01,A,0.75,0.6917847906827679,0.4863102772674399,3.7939539770091435,3.74679355792175,3.7591603770345072,right,1
S02,S02::T01,A,0.7666666666666667,0.6342381280074494,0.4107830974781241,3.750970453074246,3.7909985975710683,3.768650360638535,right,1
S02,S02::T01,A,0.7833333333333333,0.6443444788671091,0.474247059169647,3.6958782346330388,3.7005992824903355,3.722307330093666,right,1
S02,S02::T01,A,0.8,0.5801889048672807,0.4708112063239857,3.7092783176085735,3.68863207867909,3.717231648186849,center,1
S02,S02::T01,A,0.8166666666666667,0.5876479481264899,0.4753704329484077,3.7978952045396523,3.785936911337603,3.762105358206046,center,1
S02,S02::T01,A,0.8333333333333334,0.6280322189988324,0.4666691428012023,3.7534089572588174,3.7541566864783027,3.807919621560647,right,1
S02,S02::T01,A,0.85,0.5822418150700959,0.38887756688243574,3.6660076549489675,3.694763766634599,3.682371642730994,center,1
S02,S02::T01,A,0.8666666666666667,0.5270299534813478,0.3438807285457932,3.7500219848098046,3.768234835741669,3.73303835594421,center,1
S02,S02::T01,A,0.8833333333333333,0.5303452376730411,0.4380638942090574,3.8518907537256175,3.8180362700538355,3.8448212231388084,center,1
S02,S02::T01,A,0.9,0.5506007045951026,0.4772296948192476,3.7297257639380312,3.6902753993593977,3.7192787127355946,center,1
S02,S02::T01,A,0.9166666666666666,0.5988892969186018,0.39058976354579134,3.7133923432848714,3.6941271367024373,3.7343552825221584,center,1
S02,S02::T01,A,0.9333333333333333,0.5535007523429968,0.3865523617481148,3.7422743125019617,3.7492253547184244,3.7648770019085926,center,1
S02,S02::T01,A,0.95,0.4988740535355531,0.41649597332630933,3.7287124922933423,3.787361979361497,3.743120086963271,center,1
S02,S02::T01,A,0.9666666666666667,0.5156542328846151,0.44491642086865574,3.6929925237548606,3.6992795218579633,3.6905871959296648,center,1
S02,S02::T01,A,0.9833333333333333,0.5091700314174925,0.4295590116284838,3.681554202826728,3.717243367618326,3.6776519932788068,center,1
S02,S02::T01,A,1.0,0.43894031724273025,0.35946843412889723,3.7488356604653283,3.7913769883585653,3.772623064288165,center,1
S02,S02::T01,A,1.0166666666666666,0.48696351604684573,0.3827849043478746,3.593140229895451,3.611047192126208,3.6145147503615838,center,1
S02,S02::T01,A,1.0333333333333334,0.46648927602608137,0.37560662593122723,3.592225000469214,3.54609214853486,3.579848599431142,center,1
S02,S02::T01,A,1.05,0.4641431438663754,0.4128966840058275,3.708031594167951,3.717837717868738,3.7176955421842024,center,1
S02,S02::T01,A,1.0666666666666667,0.4288366105540269,0.41694713776573805,3.7291251157381455,3.7109109164854774,3.716512475967445,center,1
S02,S02::T01,A,1.0833333333333333,0.46414204143370336,0.35752067860294545,3.643373051624338,3.619922307681714,3.572872994534951,center,1
S02,S02::T01,A,1.1,0.42753162924335436,0.3581221125598812,3.6187619643777893,3.6767659166957087,3.6738183825631134,center,1
S02,S02::T01,A,1.1166666666666667,0.40605693466620685,0.3948025846978882,3.647226422633725,3.6419292827798437,3.6333779329246507,center,1
S02,S02::T01,A,1.1333333333333333,0.48929306414647844,0.3755637312756078,3.6305074420227994,3.5242252558464884,3.595743117256055,center,1
S02,S02::T01,A,1.15,0.40282370419531927,0.3549348193829752,3.5733839257945808,3.6388076136639906,3.600248258609368,center,1
S02,S02::T01,A,1.1666666666666667,0.3598471460249864,0.3649073081966486,3.7265760854983174,3.7533394318678215,3.696202505586765,left,1
S02,S02::T01,A,1.1833333333333333,0.44234946268001335,0.400901975810113,3.6635281328032936,3.5900634499881217,3.622156754899168,center,1
S02,S02::T01,A,1.2,0.4412728100215851,0.36674337037568294,3.6312509670930595,3.598309321176333,3.605378615053057,center,1
S02,S02::T01,A,1.2166666666666666,0.35058619547368486,0.3743321409762929,3.599547776344755,3.595730051646846,3.594328992912232,left,1
S02,S02::T01,A,1.2333333333333334,0.36202146008263736,0.35113585360156463,3.509094687833227,3.5081758003626584,3.520762048885067,left,1
S02,S02::T01,A,1.25,0.3640576836104873,0.3989657921682377,3.550786000630842,3.517803516896457,3.531411374272537,left,1
S02,S02::T01,A,1.2666666666666666,0.34971228649472014,0.3601219908758593,3.5415978895941174,3.5483349718220567,3.5362060773117574,left,1
S02,S02::T01,A,1.2833333333333334,0.3091749609673314,0.3877996520005954,3.4736658398132216,3.4798634647182243,3.4869977889841373,left,1
S02,S02::T01,A,1.3,0.3140894055829354,0.38507208060124964,3.59566408309044,3.5243906156988176,3.5668880260882014,left,1
S02,S02::T01,A,1.3166666666666667,0.4213865448021599,0.36626816554291614,3.583185282713963,3.5665387324113658,3.600001805742461,center,1
S02,S02::T01,A,1.3333333333333333,0.3202228407705626,0.3515822209767832,3.5269356670306826,3.589106145073614,3.5215097719541117,left,1
S02,S02::T01,A,1.35,0.3184156233442047,0.3792633400197247,3.4440067366290887,3.5053949598659915,3.4747268201455195,left,1
S02,S02::T01,A,1.3666666666666667,0.36002667867157023,0.3725636496423394,3.5090143302242502,3.420057361873424,3.4735048541176625,left,1
S02,S02::T01,A,1.3833333333333333,0.31250884294032144,0.42033740766324257,3.5804651364875606,3.6134899137514314,3.61401878436458,left,1
S02,S02::T01,A,1.4,0.30268738591583416,0.3569782982378595,3.456081736575251,3.4877241432069583,3.4807704956213654,left,1
S02,S02::T01,A,1.4166666666666667,0.28679643703673824,0.4151217898637936,3.474783089960045,3.458240331495182,3.4406275420404984,left,1
S02,S02::T01,A,1.4333333333333333,0.33984473481216604,0.43305801683079603,3.4180069205374384,3.437110129437836,3.4229263816633275,left,1
S02,S02::T01,A,1.45,0.326614697966491,0.4161844086682595,3.491066641421133,3.4505883919165474,3.482271181141654,left,1
S02,S02::T01,A,1.4666666666666666,0.35745098146893534,0.42177025921691713,3.5672147514105843,3.5939619553676216,3.5822662300818773,left,1
S02,S02::T01,A,1.4833333333333334,0.3025534674319809,0.3896518288137427,3.5815666880947905,3.591340533953936,3.583278728406282,left,1
S02,S02::T02,B,0.0,0.53115290123337,0.6801321313134506,3.6760398668802026,3.7037893221384843,3.6933018594743814,center,2
S02,S02::T02,B,0.016666666666666666,0.42475153719330055,0.6503388063858332,3.711496582496699,3.70377310196226,3.7310077699770194,center,2
S02,S02::T02,B,0.03333333333333333,0.5706748421649553,0.611760676246983,3.632631803863554,3.661780079450513,3.666268550678712,center,2
S02,S02::T02,B,0.05,0.46138885157709636,0.5940491525976113,3.616438546107286,3.610870367941498,3.5922560840357747,center,2
S02,S02::T02,B,0.06666666666666667,0.537831917698371,0.6191714639278093,3.721046886318022,3.712761361795021,3.711086494025922,center,2
S02,S02::T02,B,0.08333333333333333,0.5519458297378883,0.6529937914753896,3.701350932836414,3.7128572536308515,3.7165060705271245,center,2
S02,S02::T02,B,0.1,0.5505021734734429,0.6591485881351056,3.709340998065876,3.7437917713793656,3.741161030269771,center,2
S02,S02::T02,B,0.11666666666666667,0.5710766051343653,0.6134025606233269,3.6552259483772187,3.5897862539371213,3.631570715649784,center,2
S02,S02::T02,B,0.13333333333333333,0.5535095902618294,0.6262344938477338,3.6758664993282153,3.5890620733229577,3.6442431327747546,center,2
S02,S02::T02,B,0.15,0.5561258250810406,0.5599481494595668,3.537638565344093,3.5300940472079554,3.5583004655696593,center,2
S02,S02::T02,B,0.16666666666666666,0.5863053607913812,0.6037673407426207,3.703844699827267,3.712866621476362,3.723107092538559,center,2
S02,S02::T02,B,0.18333333333333332,0.6040314596921894,0.6575108692247496,3.769907435035207,3.7135089735736475,3.740013054310545,right,2
S02,S02::T02,B,0.2,0.5816445191589955,0.5991493955945912,3.6284419456254784,3.6329549011854647,3.652916967333078,center,2
S02,S02::T02,B,0.21666666666666667,0.6243554149693189,0.6175397231805767,3.653860491896808,3.651609471071675,3.6690968175487164,right,2
S02,S02::T02,B,0.23333333333333334,0.5900198940099187,0.6302589826219771,3.6505046741299796,3.6900593958122467,3.685273069945346,center,2
S02,S02::T02,B,0.25,0.606519033916226,0.6246219337345035,3.791693387955635,3.819781192982105,3.796578243438291,right,2
S02,S02::T02,B,0.26666666666666666,0.6250989539626169,0.5963859917773204,3.7881872427270635,3.718442191083553,3.758938612280707,right,2
S02,S02::T02,B,0.2833333333333333,0.655243899043503,0.5701196481663343,3.814403718347088,3.7879008981184743,3.776687209923489,right,2
S02,S02::T02,B,0.3,0.6344357295315861,0.5107219047098686,3.733738344265877,3.6998061533985505,3.7036494173292085,right,2
S02,S02::T02,B,0.31666666666666665,0.6643358281834477,0.5423065663998088,3.7050750173926272,3.702979572825418,3.6904503151530177,right,2
S02,S02::T02,B,0.3333333333333333,0.7119530658419361,0.5683949834477939,3.820359162122593,3.771583612414121,3.788314698129433,right,2
S02,S02::T02,B,0.35,0.6433263321603417,0.6004365170747012,3.611879295380071,3.6206435020523116,3.6283872061305744,right,2
S02,S02::T02,B,0.36666666666666664,0.7096070653464488,0.5786118211307972,3.797126578285747,3.801499889564372,3.764733236170892,right,2
S02,S02::T02,B,0.38333333333333336,0.6213528946267206,0.6073923066409375,3.6334641415759545,3.674772899989019,3.6626218723757185,right,2
S02,S02::T02,B,0.4,0.6934158063758575,0.5205999572623752,3.79289772411689,3.787863775041524,3.79481792678218,right,2
S02,S02::T02,B,0.4166666666666667,0.6666774021626493,0.49675021441512873,3.798179422240959,3.8312552906227677,3.7857940803300623,right,2
S02,S02::T02,B,0.43333333333333335,0.7494403733552258,0.5755047318471078,3.7239100561895637,3.697827453929267,3.710083799533227,right,2
S02,S02::T02,B,0.45,0.6595203633351904,0.6122323859842949,3.7685801166112896,3.796964125972725,3.785061632115946,right,2
S02,S02::T02,B,0.4666666666666667,0.6494006374515647,0.5523083890321894,3.7187591363162364,3.7406183200699608,3.7128681372557377,right,2
S02,S02::T02,B,0.48333333333333334,0.716135924127541,0.5216070235221832,3.7617274241481766,3.7331515128700223,3.7272748072525905,right,2
S02,S02::T02,B,0.5,0.6939001028529981,0.5669584747991183,3.7910233197960634,3.8176733279984894,3.776165888143552,right,2
S02,S02::T02,B,0.5166666666666667,0.6819033957116983,0.5803901340726942,3.796194776641937,3.741239474451066,3.7639957613808996,right,2
S02,S02::T02,B,0.5333333333333333,0.5939492901146463,0.4839117512966657,3.8431026874913536,3.8447359226823408,3.8790383049967683,center,2
S02,S02::T02,B,0.55,0.691050386111099,0.5094476891830284,3.9110440345192563,3.96462835407803,3.9551190128736886,right,2
S02,S02::T02,B,0.5666666666666667,0.6717027956666393,0.5517045916496021,3.8088129666032313,3.857164824548829,3.8403357075121063,right,2
S02,S02::T02,B,0.5833333333333334,0.6762055035090485,0.5201161348994362,3.829179939904297,3.8735472675266336,3.849929593314921,right,2
S02,S02::T02,B,0.6,0.6432283626457438,0.4786775062725864,3.9203531042446143,3.908474210385214,3.9048331441042987,right,2
S02,S02::T02,B,0.6166666666666667,0.7130026756811448,0.4910932345713365,3.8614942435667206,3.817904001698464,3.850533387743684,right,2
S02,S02::T02,B,0.6333333333333333,0.6631673428903747,0.46561492724171044,3.843773544621424,3.891458562615473,3.9059455458785615,right,2
S02,S02::T02,B,0.65,0.6509687072069363,0.4404635188514738,3.7849902525543624,3.741153545534069,3.774753239402817,right,2
S02,S02::T02,B,0.6666666666666666,0.6004737344413273,0.49738773230788647,3.869378160076353,3.867979238575604,3.854060509781067,right,2
S02,S02::T02,B,0.6833333333333333,0.6431099853518873,0.43624289299035623,3.812503427697191,3.8160131178320804,3.8105915683563527,right,2
S02,S02::T02,B,0.7,0.6063770073176497,0.4722737188583997,3.791630366783632,3.797501623318865,3.795070640292583,right,2
S02,S02::T02,B,0.7166666666666667,0.6867335290210428,0.4388546403372367,3.939609712836492,3.997724444667788,3.9725572324807406,right,2
S02,S02::T02,B,0.7333333333333333,0.6414102115069169,0.48165920617220637,3.9096019266245348,3.9144567302531175,3.902235747993952,right,2
S02,S02::T02,B,0.75,0.6050248459492641,0.44920728011342237,3.998266066185853,3.9797912416818573,4.018301543549533,right,2
S02,S02::T02,B,0.7666666666666667,0.612966794005346,0.44782086432530055,4.046797272130777,3.9790661939841345,4.017267721391813,right,2
S02,S02::T02,B,0.7833333333333333,0.6629433730508382,0.3983088143657879,3.9151791940627745,3.9207004305987243,3.9248268126272725,right,2
S02,S02::T02,B,0.8,0.6095793821337979,0.45555378039423056,3.9090814806480187,3.911021528215294,3.9041817364981855,right,2
S02,S02::T02,B,0.8166666666666667,0.5964474069030331,0.42754146063539716,3.8814812061467014,3.846129756765414,3.883287041450787,center,2
S02,S02::T02,B,0.8333333333333334,0.6538562810172013,0.4105045115988714,3.7722128430819883,3.7768580233922298,3.7804519236319245,right,2
S02,S02::T02,B,0.85,0.5935541108205301,0.44855386928685453,3.904134383440797,3.896656591208976,3.892027487811557,center,2
S02,S02::T02,B,0.8666666666666667,0.6037387282458015,0.46130836793535207,3.930818225455263,3.9234565663809886,3.9037520814711333,right,2
S02,S02::T02,B,0.8833333333333333,0.5510516828373776,0.48428501541227326,3.8416778638693847,3.8752796462606782,3.874913567379622,center,2
S02,S02::T02,B,0.9,0.5411438073266807,0.4283581770382009,3.86091778894104,3.8371947700648947,3.8511831407185815,center,2
S02,S02::T02,B,0.9166666666666666,0.5749679012154542,0.4259345670571553,3.9340073612509125,3.8824723075425185,3.8975264248758186,center,2
S02,S02::T02,B,0.9333333333333333,0.5346022504943537,0.3815124501458369,3.839428955701524,3.827344358291397,3.87302962783712,center,2
S02,S02::T02,B,0.95,0.5395625775378744,0.3872332887024514,3.8822327738514146,3.882356005064667,3.8951790444052534,center,2
S02,S02::T02,B,0.9666666666666667,0.5153855800407694,0.44794830984241707,3.8083838101235448,3.762522345046686,3.819001586151476,center,2
S02,S02::T02,B,0.9833333333333333,0.508262859955819,0.38868454880305686,3.980910789018773,4.009437587092222,3.981715675358126,center,2
S02,S02::T02,B,1.0,0.4941705541765978,0.4644600633545678,3.8745952004365534,3.9058771625549453,3.8916917191251588,center,2
S02,S02::T02,B,1.0166666666666666,0.4433903044256795,0.35555560402759945,3.8232521447382646,3.8182238583665176,3.8395915272733476,center,2
S02,S02::T02,B,1.0333333333333334,0.5256634829610328,0.39073369734034036,3.8251283281678647,3.809691870660142,3.7921648366648064,center,2
S02,S02::T02,B,1.05,0.4497010318226992,0.38715388333765255,3.792493766756652,3.828829286987403,3.770835651096301,center,2
S02,S02::T02,B,1.0666666666666667,0.41953029352692,0.3681804855096015,3.8657506299432436,3.865353998019778,3.865974411161025,center,2
S02,S02::T02,B,1.0833333333333333,0.45506348948228287,0.3788664673932099,3.787449221874918,3.8199010050169013,3.7840165689400473,center,2
S02,S02::T02,B,1.1,0.4202377615131775,0.3809476591838502,3.8252519183873535,3.7793416307962913,3.801635315165554,center,2
S02,S02::T02,B,1.1166666666666667,0.47846311446024725,0.39185034118200046,3.793211502799308,3.8231439349920406,3.813779009853131,center,2
S02,S02::T02,B,1.1333333333333333,0.4480370443240087,0.38138590235973646,3.7597714566032683,3.75884426754284,3.7471049770357765,center,2
S02,S02::T02,B,1.15,0.39657146853148273,0.41926908525983453,3.799770556247165,3.7812614510072806,3.7860313072019425,left,2
S02,S02::T02,B,1.1666666666666667,0.3778603496379057,0.46891085743678124,3.6660949249871186,3.6667925865769417,3.650677229758886,left,2
S02,S02::T02,B,1.1833333333333333,0.42331568094125266,0.4070964747737584,3.673924534595201,3.6648452901156086,3.6962874233869836,center,2
S02,S02::T02,B,1.2,0.36867138088081625,0.3943438523822347,3.6365241137499353,3.620372780982016,3.6306013678528877,left,2
S02,S02::T02,B,1.2166666666666666,0.33760431891708975,0.3454434411213579,3.678704481142465,3.7340565183768244,3.714695651654943,left,2
S02,S02::T02,B,1.2333333333333334,0.3202447056391464,0.3606897023098071,3.7176432969359814,3.741966694672064,3.707098988810658,left,2
S02,S02::T02,B,1.25,0.39627942234462266,0.32039169818532726,3.8302671846071576,3.8334935437242166,3.831603565902603,left,2
S02,S02::T02,B,1.2666666666666666,0.3104238360212685,0.3967126342248565,3.6375998496484048,3.7089590556966057,3.6736931418200713,left,2
S02,S02::T02,B,1.2833333333333334,0.3176331940767949,0.32847411342763133,3.739523401516288,3.7464478279249285,3.7241110925403036,left,2
S02,S02::T02,B,1.3,0.3773037896983856,0.404545542833571,3.729354995749866,3.7341072460295814,3.735645426881009,left,2
S02,S02::T02,B,1.3166666666666667,0.3759660416945552,0.3550945793076234,3.7981226469823466,3.770947773792739,3.7899959509382373,left,2
S02,S02::T02,B,1.3333333333333333,0.30193191068596975,0.39502733596233763,3.7102602643835128,3.7796232184485317,3.729817412495729,left,2
S02,S02::T02,B,1.35,0.3169838804023892,0.401861397018654,3.7521520755074453,3.7262949262203637,3.7437449250698944,left,2
S02,S02::T02,B,1.3666666666666667,0.36840676108921666,0.31912676261009754,3.767612915499714,3.773753956259806,3.80342812817293,left,2
S02,S02::T02,B,1.3833333333333333,0.33804850237929285,0.35884203174265983,3.601175859038494,3.568974799361109,3.5932150569828667,left,2
S02,S02::T02,B,1.4,0.31133296246490855,0.4009295979121168,3.6290342910999254,3.6508598435459416,3.65642668768331,left,2
S02,S02::T02,B,1.4166666666666667,0.3289616315870796,0.40710183873776545,3.6750485448288304,3.6981606384144388,3.666389327441654,left,2
S02,S02::T02,B,1.4333333333333333,0.33726204678131944,0.4204660879469401,3.662321570347071,3.665394663526119,3.6832033393078096,left,2
S02,S02::T02,B,1.45,0.28240080253969546,0.38286524107780284,3.656560492018292,3.6351802543915714,3.647705026139672,left,2
S02,S02::T02,B,1.4666666666666666,0.2841258049909697,0.39411000825409004,3.7688158096732254,3.7361677616033533,3.7482586757051743,left,2
S02,S02::T02,B,1.4833333333333334,0.35793990258727804,0.4625115454972487,3.612381982129662,3.6278162231184923,3.646058046514837,left,2
S02,S02::T03,A,0.0,0.44498292819966717,0.6063608432358729,3.515025381438872,3.5333405897185077,3.5135685005514525,center,3
S02,S02::T03,A,0.016666666666666666,0.49020470321583853,0.6241396583800318,3.5328894572892042,3.5292061047062475,3.499180179961619,center,3
S02,S02::T03,A,0.03333333333333333,0.5350055913432227,0.6222305056137222,3.4706205395670207,3.4788791190001285,3.507213739960968,center,3
S02,S02::T03,A,0.05,0.5293202928691059,0.626788107299044,3.6171158917612853,3.622758621854522,3.6078275683457015,center,3
S02,S02::T03,A,0.06666666666666667,0.5326618636567803,0.5015083026958558,3.5427923450299392,3.56957390415873,3.5356649686801416,center,3
S02,S02::T03,A,0.08333333333333333,0.5011359353504251,0.613800030190072,3.6396441916200963,3.5976877958043794,3.599652895577612,center,3
S02,S02::T03,A,0.1,0.5283161089513335,0.560030287885434,3.5213489794679025,3.5449354387887113,3.5166762574851234,center,3
S02,S02::T03,A,0.11666666666666667,0.5502270253111021,0.7101784706287266,3.5946044700236954,3.5459703181842332,3.5720378417868,center,3
S02,S02::T03,A,0.13333333333333333,0.5811485211521398,0.6409655139737606,3.570535526053285,3.558336137265718,3.6041659557812773,center,3
S02,S02::T03,A,0.15,0.669468610186785,0.6439682912665367,3.631005773849717,3.6159814431601798,3.631417301523812,right,3
S02,S02::T03,A,0.16666666666666666,0.5652347883999508,0.6259976176987415,3.478374347788163,3.456134107083306,3.4961463175628134,center,3
S02,S02::T03,A,0.18333333333333332,0.6302420423644608,0.6307429308371583,3.435232091934299,3.3974893386245433,3.4368377129657066,right,3
S02,S02::T03,A,0.2,0.5645998359330374,0.5734185719288137,3.4864720755296807,3.5074780002196393,3.5170222088854635,center,3
S02,S02::T03,A,0.21666666666666667,0.5761730853845956,0.6300142245065831,3.6115170785921586,3.600353983234015,3.599865255018839,center,3
S02,S02::T03,A,0.23333333333333334,0.5505489004503797,0.6297596628913348,3.6336073664775945,3.6141554532865423,3.6162659820895415,center,3
S02,S02::T03,A,0.25,0.5989857114934699,0.6031753285028845,3.517941436465433,3.5204141708801897,3.5292415506117263,center,3
S02,S02::T03,A,0.26666666666666666,0.6693769665397306,0.6209541651424999,3.5242484770840075,3.5480824058366065,3.5478068592460876,right,3
S02,S02::T03,A,0.2833333333333333,0.6381237209924359,0.6278949685999605,3.657050038503933,3.6456792287532007,3.6272888947376782,right,3
S02,S02::T03,A,0.3,0.6873178680355151,0.5878309630618279,3.5614877922964467,3.552662510603215,3.543564998624098,right,3
S02,S02::T03,A,0.31666666666666665,0.6324568863503784,0.5445950519720478,3.5845099241905176,3.5812088031046563,3.5791845641686524,right,3
S02,S02::T03,A,0.3333333333333333,0.6921619009825202,0.6089827727115523,3.572001724539162,3.5708505228946192,3.5999631143091753,right,3
S02,S02::T03,A,0.35,0.6398746920223893,0.6299698220586021,3.509498693912571,3.557373018647845,3.53418804800564,right,3
S02,S02::T03,A,0.36666666666666664,0.694411252939568,0.5306197071838459,3.484535327324623,3.516607300076388,3.5011449742815683,right,3
S02,S02::T03,A,0.38333333333333336,0.724169953161777,0.6093075270989878,3.6845512286407303,3.7065764773819145,3.714145504806852,right,3
S02,S02::T03,A,0.4,0.6621071775324416,0.5734156961103812,3.5060862352672992,3.5483417924128733,3.531451521089601,right,3
S02,S02::T03,A,0.4166666666666667,0.6255257543129523,0.5815921721354711,3.5585178525326846,3.4772499136185986,3.509203548595692,right,3
S02,S02::T03,A,0.43333333333333335,0.7392840078362721,0.5852802832327193,3.5743094947290923,3.5459857660309306,3.5674678517373706,right,3
S02,S02::T03,A,0.45,0.6462361653265114,0.5139070609865469,3.6193486476787733,3.6438388143357026,3.6018482953447855,right,3
S02,S02::T03,A,0.4666666666666667,0.6581222600456548,0.5567764362217236,3.6054597884462396,3.6441910099386785,3.6191731630124844,right,3
S02,S02::T03,A,0.48333333333333334,0.6677842110007081,0.5776873247515613,3.5867887480915264,3.5713578505724626,3.5900452281113804,right,3
S02,S02::T03,A,0.5,0.7109164656832291,0.5870782717499987,3.640995976679262,3.6804520325158787,3.651071941130468,right,3
S02,S02::T03,A,0.5166666666666667,0.7027842444493295,0.5629376798879098,3.7472662515692137,3.734574183308873,3.7365697902909396,right,3
S02,S02::T03,A,0.5333333333333333,0.7008555410923091,0.4947693762340482,3.6150962861783498,3.6036808110790473,3.6193838448379023,right,3
S02,S02::T03,A,0.55,0.6671200256302594,0.5297249307821934,3.669436117666051,3.707671828207917,3.652793363605471,right,3
S02,S02::T03,A,0.5666666666666667,0.668227919726286,0.50890900285477,3.743064018471653,3.7209068180632023,3.7471764527918907,right,3
S02,S02::T03,A,0.5833333333333334,0.7015778526114466,0.514850814446298,3.6177026921745155,3.6216158425735854,3.607810292835976,right,3
S02,S02::T03,A,0.6,0.7284753341338547,0.5466087892849933,3.633744460201153,3.5753805652452977,3.6060464276002557,right,3
S02,S02::T03,A,0.6166666666666667,0.6233608262037348,0.4536802216659337,3.654432478053823,3.6252500552512066,3.6467407821157547,right,3
S02,S02::T03,A,0.6333333333333333,0.7073623831474078,0.5159015733161443,3.7276560215576318,3.711818175468556,3.692316749028185,right,3
S02,S02::T03,A,0.65,0.6932974225145072,0.5082127617366429,3.7592975299661595,3.7330813199945343,3.7639533695796867,right,3
S02,S02::T03,A,0.6666666666666666,0.6782354787738109,0.4534743728713562,3.663065334474339,3.6106071023261155,3.614192219672404,right,3
S02,S02::T03,A,0.6833333333333333,0.62586562323403,0.5221044650746532,3.705099155956055,3.632945851497512,3.6817537738180994,right,3
S02,S02::T03,A,0.7,0.6484909149840832,0.45703857907307965,3.6644478999921657,3.6808957179179096,3.660852520776563,right,3
S02,S02::T03,A,0.7166666666666667,0.6529817435957599,0.474252833032767,3.5819983886763045,3.644278026766206,3.637082777809251,right,3
S02,S02::T03,A,0.7333333333333333,0.6108951249457595,0.3768130275786167,3.6933821328792265,3.623273670042383,3.6607064194463326,right,3
S02,S02::T03,A,0.75,0.6682209410319967,0.5023199815468353,3.7884583747279272,3.7828644260699007,3.791597228289029,right,3
S02,S02::T03,A,0.7666666666666667,0.6036743642729572,0.44834639815699695,3.7381057384249927,3.7381782506262975,3.754017475033307,right,3
S02,S02::T03,A,0.7833333333333333,0.666884249091177,0.44249884099373554,3.7364384566009057,3.739698512405076,3.7592221572509956,right,3
S02,S02::T03,A,0.8,0.5532044633500799,0.5003052751308167,3.786906226306711,3.7904701467160136,3.788477256789764,center,3
S02,S02::T03,A,0.8166666666666667,0.5498079167754811,0.3765313751830522,3.7427642603525753,3.761436007543624,3.77673706595421,center,3
S02,S02::T03,A,0.8333333333333334,0.5235126042461776,0.47063458915285794,3.7770343451450485,3.8048755615076217,3.774499243556182,center,3
S02,S02::T03,A,0.85,0.6065297892881983,0.4728959611716418,3.894763000183005,3.8633890492356073,3.8640966284471903,right,3
S02,S02::T03,A,0.8666666666666667,0.5413792963924658,0.3615374364404971,3.7858946366034654,3.7470686817340946,3.7829890174077354,center,3
S02,S02::T03,A,0.8833333333333333,0.5355757487759377,0.436784777657471,3.567751376502696,3.517973407683653,3.5658444309148236,center,3
S02,S02::T03,A,0.9,0.5873740809231949,0.41015509780200843,3.7562188352191606,3.732824277888826,3.7660071992457476,center,3
S02,S02::T03,A,0.9166666666666666,0.6072090822410182,0.38277064320665066,3.7649753326015425,3.7877169969471565,3.784295818994329,right,3
S02,S02::T03,A,0.9333333333333333,0.5108306522709172,0.3706466900020381,3.752476092534305,3.779016389651395,3.7473163568600247,center,3
S02,S02::T03,A,0.95,0.575733368998508,0.4381051989847389,3.675924360046207,3.657405032736822,3.6704560968912068,center,3
S02,S02::T03,A,0.9666666666666667,0.537505527220205,0.4504659180699558,3.6507381204232825,3.592403953811334,3.634754644404506,center,3
S02,S02::T03,A,0.9833333333333333,0.5086928274434348,0.36648312995018506,3.735014885093605,3.638616831461511,3.6928369495802222,center,3
S02,S02::T03,A,1.0,0.4577939421342002,0.3696312063841617,3.7393125447830444,3.736316390602402,3.7228641577770216,center,3
S02,S02::T03,A,1.0166666666666666,0.44086056541105123,0.42916091561374387,3.7099576944970147,3.713379280071079,3.724905026142107,center,3
S02,S02::T03,A,1.0333333333333334,0.4830559714209292,0.48285236832947154,3.5069830520478393,3.547248929109919,3.544832033207156,center,3
S02,S02::T03,A,1.05,0.47615281501733037,0.3400033078799125,3.6843768712327702,3.6571402339725125,3.671103546292682,center,3
S02,S02::T03,A,1.0666666666666667,0.4379951191323618,0.3410173160434997,3.730492196212793,3.73697228901711,3.7201005714504207,center,3
S02,S02::T03,A,1.0833333333333333,0.41831176104312273,0.3519462080363312,3.65840787157754,3.6991039421683753,3.6780434834693065,center,3
S02,S02::T03,A,1.1,0.397874632376484,0.35054501277688915,3.7907623823442047,3.781100259775435,3.7795957774183666,left,3
S02,S02::T03,A,1.1166666666666667,0.4475640440901447,0.4280636917664519,3.585503044402083,3.5740443790241647,3.5665351777797656,center,3
S02,S02::T03,A,1.1333333333333333,0.4500627192063847,0.34876109416366724,3.5064464664840385,3.508477339670806,3.524950690267502,center,3
S02,S02::T03,A,1.15,0.44312622595982387,0.46357539593074015,3.6526534786444858,3.674723909842211,3.64735276300044,center,3
S02,S02::T03,A,1.1666666666666667,0.43114684267165015,0.3992993142730547,3.6819554753961694,3.6676102432684066,3.6777851235371113,center,3
S02,S02::T03,A,1.1833333333333333,0.3825614220433317,0.4182941426093302,3.512731654619594,3.4822624731159473,3.512019227332359,left,3
S02,S02::T03,A,1.2,0.4498806213318594,0.40362887839943434,3.598974139236241,3.605673635275659,3.570681959290597,center,3
S02,S02::T03,A,1.2166666666666666,0.35104890318530513,0.34364023499589924,3.616855566958375,3.5973163780152206,3.5755404396245694,left,3
S02,S02::T03,A,1.2333333333333334,0.39914291727353535,0.33032224117752135,3.562965492827187,3.5765649759881692,3.58030376175821,left,3
S02,S02::T03,A,1.25,0.3582881796424177,0.41412311736365764,3.616249426498067,3.6368787286701973,3.6266701620000883,left,3
S02,S02::T03,A,1.2666666666666666,0.3267520404743611,0.4240981168720516,3.7223556691416504,3.6275586787280205,3.689293765261506,left,3
S02,S02::T03,A,1.2833333333333334,0.33710163844188684,0.3962392330156765,3.5109848341300127,3.5069825544799755,3.5013461906853602,left,3
S02,S02::T03,A,1.3,0.37314679803548906,0.3814646904181886,3.5194436440296437,3.5290253515097882,3.513049924489753,left,3
S02,S02::T03,A,1.3166666666666667,0.38679575930801546,0.3856951233081514,3.4120975856996103,3.457203807622289,3.43439232649927,left,3
S02,S02::T03,A,1.3333333333333333,0.35510435538731816,0.39107948296468553,3.5805763346277026,3.567492234650544,3.5731795082199977,left,3
S02,S02::T03,A,1.35,0.23656989649925764,0.3356102984357416,3.4505800538853704,3.4393277022954365,3.4506852732303663,left,3
S02,S02::T03,A,1.3666666666666667,0.3609920871247886,0.3878111964140798,3.527722308297185,3.539993337491581,3.5260815437165824,left,3
S02,S02::T03,A,1.3833333333333333,0.2572058788253194,0.3872522082503272,3.5119824587948223,3.5352855091091078,3.5444865439976874,left,3
S02,S02::T03,A,1.4,0.3960029416283327,0.3248819626863956,3.5841814918617554,3.5949327056918943,3.59641993172874,left,3
S02,S02::T03,A,1.4166666666666667,0.33343902189125224,0.29373583546881676,3.5003044043776104,3.46352636022622,3.50797630770782,left,3
S02,S02::T03,A,1.4333333333333333,0.3288002586686582,0.3836753973294826,3.4899559377826272,3.508046852765923,3.4790498204863605,left,3
S02,S02::T03,A,1.45,0.3571165878005668,0.3215354056199587,3.44998883970105,3.4714316374686596,3.468003207851254,left,3
S02,S02::T03,A,1.4666666666666666,0.3107964301969082,0.3130192573639925,3.5501775345558517,3.5722665915264558,3.5679629163951376,left,3
S02,S02::T03,A,1.4833333333333334,0.3109575555542155,0.3379231703563726,3.478057897038668,3.5105843933884913,3.4839884732307507,left,3
S02,S02::T04,B,0.0,0.4797814818487723,0.6113899714367105,3.7077000062704335,3.7482711944803095,3.7132225011162956,center,4
S02,S02::T04,B,0.016666666666666666,0.5308834697346324,0.566261832572578,3.538464007039253,3.53283256184449,3.54973757202421,center,4
S02,S02::T04,B,0.03333333333333333,0.49295844267943734,0.6393489728688303,3.6478217360984275,3.6958021234314544,3.669363346310713,center,4
S02,S02::T04,B,0.05,0.5085852073506687,0.5844360509818501,3.5868309902763276,3.586513129846667,3.6052579513955147,center,4
S02,S02::T04,B,0.06666666666666667,0.5403727893826729,0.6111361754757871,3.7137511483269727,3.6957713755046564,3.6869079654033663,center,4
S02,S02::T04,B,0.08333333333333333,0.488983064051513,0.6867187649355903,3.689061564670171,3.671693635259653,3.6928945064697913,center,4
S02,S02::T04,B,0.1,0.523983668898858,0.5538791955385844,3.684681157385402,3.652356000857754,3.6787996653770176,center,4
S02,S02::T04,B,0.11666666666666667,0.5924488552533818,0.6281416648234122,3.7026495629305596,3.701426236188202,3.6977662064796126,center,4
S02,S02::T04,B,0.13333333333333333,0.5484961595111069,0.6320130492617675,3.582826831475007,3.589335614806035,3.584593850740227,center,4
S02,S02::T04,B,0.15,0.534023177686941,0.6235298413271656,3.641924569234552,3.5817736589388063,3.626658896551979,center,4
S02,S02::T04,B,0.16666666666666666,0.5391784379755076,0.589829885667784,3.653554827850219,3.6976557714904326,3.6796079625645595,center,4
S02,S02::T04,B,0.18333333333333332,0.5999086471108364,0.6147616625465585,3.713222741206238,3.7381431351470717,3.7170093323993743,center,4
S02,S02::T04,B,0.2,0.5853935568511861,0.5725556126219774,3.7537128315706925,3.7501313873468547,3.711457774103346,center,4
S02,S02::T04,B,0.21666666666666667,0.614011123386531,0.6576113330728253,3.62058520258175,3.5985443590918,3.5959283975870253,right,4
S02,S02::T04,B,0.23333333333333334,0.5220374236359677,0.6063584817721515,3.8080089278162057,3.7636779811267878,3.778402546454681,center,4
S02,S02::T04,B,0.25,0.5982467755534696,0.6439121974466174,3.7019032871409343,3.690648059136444,3.6968094122722843,center,4
S02,S02::T04,B,0.26666666666666666,0.6053386043003154,0.5846614026727871,3.7920611600649434,3.78536917618642,3.8034660365201556,right,4
S02,S02::T04,B,0.2833333333333333,0.6647590379862924,0.622025797078839,3.7618893411901566,3.7132398701552813,3.7510863288091776,right,4
S02,S02::T04,B,0.3,0.6748384112730027,0.6124440666574594,3.735838098227706,3.8088258366251235,3.7837825651548616,right,4
S02,S02::T04,B,0.31666666666666665,0.6724135489200547,0.544757618671913,3.761205292492962,3.771560383839539,3.750894855772339,right,4
S02,S02::T04,B,0.3333333333333333,0.5844136911448689,0.6365957563096308,3.693826272527688,3.7085163836260775,3.6965962340919023,center,4
S02,S02::T04,B,0.35,0.688204092556702,0.6719540530188237,3.702105343225172,3.701377626379666,3.714130905272362,right,4
S02,S02::T04,B,0.36666666666666664,0.704579716293142,0.6107129280177623,3.760324504999704,3.8325579733109656,3.7879326051344884,right,4
S02,S02::T04,B,0.38333333333333336,0.6385230497666118,0.5223386288456088,3.6973579824574547,3.7601561857318897,3.7210060779553236,right,4
S02,S02::T04,B,0.4,0.679091666716654,0.5357535737999879,3.6058716317250408,3.6134526034978927,3.635749811600403,right,4
S02,S02::T04,B,0.4166666666666667,0.6868473954435537,0.4829691927281321,3.787269780105231,3.7713954636222597,3.7568703512866066,right,4
S02,S02::T04,B,0.43333333333333335,0.6598006790893521,0.5281254997545209,3.7897794033712895,3.7565194541358817,3.7794235225669626,right,4
S02,S02::T04,B,0.45,0.6804590882910102,0.6140338928480148,3.824524164673897,3.7792053750180563,3.8004409152668477,right,4
S02,S02::T04,B,0.4666666666666667,0.6490391066372755,0.583619855868381,3.831875398212237,3.806471665737215,3.8242483474152635,right,4
S02,S02::T04,B,0.48333333333333334,0.6833950365259244,0.5090067872800089,3.9500146238011036,3.9215205109586226,3.9115071810947564,right,4
S02,S02::T04,B,0.5,0.6736507407354254,0.49371974559159437,3.7451453079708465,3.707961349730918,3.711696392890917,right,4
S02,S02::T04,B,0.5166666666666667,0.6872432944492658,0.5104431750511015,3.8995231441768485,3.8832622892244903,3.9171019868014394,right,4
S02,S02::T04,B,0.5333333333333333,0.743290897704666,0.5662310122674754,3.8706009263448937,3.893899180753405,3.864223797298384,right,4
S02,S02::T04,B,0.55,0.639223575978418,0.5406352949563296,3.844140372452697,3.813231675013863,3.8307888309027263,right,4
S02,S02::T04,B,0.5666666666666667,0.7157551817046927,0.5707460148977797,3.749493975947519,3.7495092725566717,3.760559177067792,right,4
S02,S02::T04,B,0.5833333333333334,0.6755816965102464,0.4909434367859432,3.855311119365544,3.8733079000087076,3.8559535495930346,right,4
S02,S02::T04,B,0.6,0.6701643941951513,0.5127713648672604,3.9009705245295074,3.9152227754483735,3.8974464184914455,right,4
S02,S02::T04,B,0.6166666666666667,0.59271256831739,0.478485341193029,3.8796711927528027,3.8434483925248015,3.8686085031430992,center,4
S02,S02::T04,B,0.6333333333333333,0.6969567400266862,0.49150307757196876,3.854823905628435,3.8276346092885634,3.8524238616111104,right,4
S02,S02::T04,B,0.65,0.6184712414204537,0.4825194074064898,3.8555120254308184,3.863970253330593,3.853057410408856,right,4
S02,S02::T04,B,0.6666666666666666,0.6214882656179682,0.478013517395649,3.8302656483581097,3.816821737236297,3.8495147291109513,right,4
S02,S02::T04,B,0.6833333333333333,0.6400781560933205,0.50402700599297,3.9483719392018046,3.9401706414761355,3.943010502357837,right,4
S02,S02::T04,B,0.7,0.6328640504291603,0.46190063988664304,3.974522247733884,3.9293545177051854,3.9455002077623558,right,4
S02,S02::T04,B,0.7166666666666667,0.6082569984387205,0.46854886945912255,4.015191581301496,3.990875048279378,3.9744272654176456,right,4
S02,S02::T04,B,0.7333333333333333,0.6831948975643102,0.4375525641362861,3.83795102212073,3.8587014181873753,3.875298914051191,right,4
S02,S02::T04,B,0.75,0.6494353934059959,0.5061150548082942,4.006641923980413,4.002945569840723,4.005773455669036,right,4
S02,S02::T04,B,0.7666666666666667,0.703534682652972,0.5195219401694152,4.0553500904422215,4.032276860317047,4.077286212903907,right,4
S02,S02::T04,B,0.7833333333333333,0.5861820549873891,0.5230475136455175,3.9284763037421886,3.9305724405230675,3.93603927804719,center,4
S02,S02::T04,B,0.8,0.5772063913842713,0.4785358940197422,4.013740682713993,4.004207195415381,3.9993489826569117,center,4
S02,S02::T04,B,0.8166666666666667,0.6658576119296019,0.44429839601315646,3.8241177383499663,3.870114920352648,3.850725062223887,right,4
S02,S02::T04,B,0.8333333333333334,0.5448469327561307,0.4085936673220633,4.056427685238954,4.094929569993625,4.071061219369463,center,4
S02,S02::T04,B,0.85,0.5908133370272358,0.4000254312438745,3.9516673152235935,3.9496696698192983,3.963206558083407,center,4
S02,S02::T04,B,0.8666666666666667,0.5620219074710848,0.43000885983922504,3.9955170557810455,4.01482018578164,3.995606249675992,center,4
S02,S02::T04,B,0.8833333333333333,0.5549547848202036,0.38524692869190424,3.9409654906076925,3.902216990120444,3.9343903828332203,center,4
S02,S02::T04,B,0.9,0.5057039324219321,0.45141613639238887,3.8402316620223758,3.799470652048005,3.816010292841469,center,4
S02,S02::T04,B,0.9166666666666666,0.5224680172060211,0.4297653522769028,3.8980933258231394,3.891711791562058,3.9338746284059387,center,4
S02,S02::T04,B,0.9333333333333333,0.6056947022360182,0.37033725078893986,3.928806617311227,3.934288777581378,3.896361345271853,right,4
S02,S02::T04,B,0.95,0.5335828405855377,0.4062294303487037,3.930477537809813,3.936766311385094,3.9439362286534263,center,4
S02,S02::T04,B,0.9666666666666667,0.5715879544711121,0.4402031442629416,3.8282932863470256,3.7983298722865064,3.82957696905252,center,4
S02,S02::T04,B,0.9833333333333333,0.4873069290253996,0.4477400041573826,3.6921576073219273,3.7025625609702364,3.6887990288369235,center,4
S02,S02::T04,B,1.0,0.5048416184643122,0.411980199616172,3.845983196350756,3.8624699217437626,3.8564821322084235,center,4
S02,S02::T04,B,1.0166666666666666,0.5133854536051841,0.42386686499253634,3.820427769973497,3.856126983206468,3.8307190970702867,center,4
S02,S02::T04,B,1.0333333333333334,0.5034885052433369,0.4103271997955993,3.861713641714404,3.872908610049648,3.8845454960689425,center,4
S02,S02::T04,B,1.05,0.46537349379750953,0.3807861365670177,3.81454909727926,3.7835002239238698,3.7789229898590815,center,4
S02,S02::T04,B,1.0666666666666667,0.4651269506622575,0.3995776729338182,3.857522385902575,3.81594949013709,3.7974659568512674,center,4
S02,S02::T04,B,1.0833333333333333,0.49188642786546377,0.3966436460853029,3.8170080195841414,3.804184892135901,3.7879683086189706,center,4
S02,S02::T04,B,1.1,0.4558269128729855,0.3700436708355038,3.737324432061236,3.779546760731529,3.756152418953293,center,4
S02,S02::T04,B,1.1166666666666667,0.3737063701810298,0.39727799179588913,3.799598873215055,3.7834294921016762,3.824314318250955,left,4
S02,S02::T04,B,1.1333333333333333,0.40569690541246545,0.3863804969753331,3.774251730144867,3.7894256243101827,3.764493723943311,center,4
S02,S02::T04,B,1.15,0.3798233930545502,0.3991081879365932,3.773721630080869,3.7531303029646614,3.7427803957201013,left,4
S02,S02::T04,B,1.1666666666666667,0.35095070110510285,0.38509526356453616,3.7210002387125476,3.719339286475746,3.7227250221778587,left,4
S02,S02::T04,B,1.1833333333333333,0.4304822690590644,0.383394760367084,3.7506918393979527,3.7624856708691543,3.737423370769675,center,4
S02,S02::T04,B,1.2,0.43194697002554594,0.3199910999511135,3.840967336850354,3.8561828056979475,3.8402871844882953,center,4
S02,S02::T04,B,1.2166666666666666,0.3599806999794878,0.4644531227808126,3.7556538765096508,3.7567432317092115,3.726715059784634,left,4
S02,S02::T04,B,1.2333333333333334,0.368706271011167,0.4073039105762956,3.7240645953637372,3.7158147647082043,3.69490228509423,left,4
S02,S02::T04,B,1.25,0.4422972617405553,0.3973068591525393,3.7779367500163206,3.7127018647157746,3.734634212867228,center,4
S02,S02::T04,B,1.2666666666666666,0.36098975673908335,0.4436254328222302,3.812624916538788,3.7725749318744346,3.770636129379663,left,4
S02,S02::T04,B,1.2833333333333334,0.35737031822930704,0.41727813995265683,3.679616354665574,3.7212764967185787,3.7181284676614426,left,4
S02,S02::T04,B,1.3,0.36559973331931483,0.3997761616720033,3.745925850388504,3.7049274447760627,3.7378654832222766,left,4
S02,S02::T04,B,1.3166666666666667,0.3949488930101561,0.40677098822795205,3.7475128287208235,3.6921365645618374,3.746768602749748,left,4
S02,S02::T04,B,1.3333333333333333,0.3620336093587744,0.4429185182571569,3.792886582435285,3.743908358441567,3.750384554335481,left,4
S02,S02::T04,B,1.35,0.3775067885258408,0.395156991527809,3.7151128021448168,3.7391598038527243,3.7152305326358914,left,4
S02,S02::T04,B,1.3666666666666667,0.3021342074905575,0.3403980175381002,3.6159851372569354,3.5842744503604727,3.6157065283168635,left,4
S02,S02::T04,B,1.3833333333333333,0.36254356988191533,0.3363612598292507,3.6407688705472308,3.705571695551267,3.6890278963684597,left,4
S02,S02::T04,B,1.4,0.32627026004123505,0.4388624404560584,3.674742591167545,3.64393699543029,3.6547701433173505,left,4
S02,S02::T04,B,1.4166666666666667,0.2984757768199736,0.3857287203032857,3.6854040185039483,3.7436319288057436,3.7354804068856726,left,4
S02,S02::T04,B,1.4333333333333333,0.34377348891755694,0.4135287531496118,3.7664654531359703,3.7823027889576504,3.766895058818961,left,4
S02,S02::T04,B,1.45,0.4116048353453855,0.39410454115480104,3.646163643549155,3.6136980862799732,3.6660011681441813,center,4
S02,S02::T04,B,1.4666666666666666,0.3291497948835797,0.4152025929192706,3.7177512700177098,3.7507827617454734,3.7314745384906307,left,4
S02,S02::T04,B,1.4833333333333334,0.3569654992452647,0.3728244462896976,3.7344307833297843,3.699737154995533,3.7084295271403493,left,4
S03,S03::T01,A,0.0,0.48030686408743417,0.605578536242901,3.4819583171812587,3.4714564521244053,3.4634658885584013,center,1
S03,S03::T01,A,0.016666666666666666,0.4461766620687505,0.6192646217350295,3.5546894691931414,3.5657447961255286,3.5671231794880915,center,1
S03,S03::T01,A,0.03333333333333333,0.5604328858642476,0.6125420461440408,3.4156199064901718,3.4361882959508265,3.4450317251926807,center,1
S03,S03::T01,A,0.05,0.5122666059450158,0.6578324102620832,3.688831001528209,3.6449224324223266,3.659736339682991,center,1
S03,S03::T01,A,0.06666666666666667,0.5123193529227699,0.6386721382983959,3.501997348645773,3.5095219970897737,3.5192897385909667,center,1
S03,S03::T01,A,0.08333333333333333,0.5152681891377502,0.5820157457002533,3.4994557730358293,3.546135061712592,3.528444140962977,center,1
S03,S03::T01,A,0.1,0.5416266629278718,0.6430752887452099,3.497696373074341,3.512773329963106,3.5353925398823236,center,1
S03,S03::T01,A,0.11666666666666667,0.5789693455423315,0.6042123516678833,3.4772951560132728,3.420739338169025,3.470158369484241,center,1
S03,S03::T01,A,0.13333333333333333,0.5597949656880085,0.5927247238801194,3.546007968431218,3.5413021017868536,3.507027283361748,center,1
S03,S03::T01,A,0.15,0.6288546883430018,0.6310658431249524,3.4762758575385204,3.5063712305933166,3.474178126874719,right,1
S03,S03::T01,A,0.16666666666666666,0.6125756302224121,0.6236238433661146,3.514917597968941,3.523388597823936,3.5063235795235252,right,1
S03,S03::T01,A,0.18333333333333332,0.6108198590304296,0.6111824835966406,3.529764055732195,3.556610238269023,3.499611006654094,right,1
S03,S03::T01,A,0.2,0.6510194605891888,0.5745728754595084,3.60870704198258,3.662513606778878,3.600994070806724,right,1
S03,S03::T01,A,0.21666666666666667,0.5710299202732345,0.6044526034267357,3.560134633348942,3.572761850417247,3.5301045535284743,center,1
S03,S03::T01,A,0.23333333333333334,0.625274121834954,0.5567702866411323,3.525531776758589,3.534277110610954,3.522187260502567,right,1
S03,S03::T01,A,0.25,0.6548869966037304,0.622185702232525,3.573090046956625,3.5011160453242,3.5141619566493945,right,1
S03,S03::T01,A,0.26666666666666666,0.6623260079928771,0.5827328048468747,3.4549000322040686,3.5430486039171822,3.4828064871699023,right,1
S03,S03::T01,A,0.2833333333333333,0.6249753058076271,0.5863595777780088,3.4263737904339617,3.5018157009372417,3.4755432209195303,right,1
S03,S03::T01,A,0.3,0.6035983390221341,0.6101500615908058,3.506775619266057,3.518955794019112,3.522083870559267,right,1
S03,S03::T01,A,0.31666666666666665,0.5859613992732415,0.5756950859837364,3.5695778391728092,3.609884217912976,3.6136318826505343,center,1
S03,S03::T01,A,0.3333333333333333,0.6731412530347646,0.5954019783585058,3.5407414452055184,3.573276508369795,3.5739727377969577,right,1
S03,S03::T01,A,0.35,0.6573824067450271,0.5502378579404996,3.5252978087038835,3.4775429282475017,3.5133462738322616,right,1
S03,S03::T01,A,0.36666666666666664,0.6583184133843768,0.5808084581960722,3.535145923283397,3.5335417333372248,3.5097361583149094,right,1
S03,S03::T01,A,0.38333333333333336,0.674219061979747,0.5991528368604979,3.4916466195053526,3.5326105761157804,3.5446774807982484,right,1
S03,S03::T01,A,0.4,0.6694358236653654,0.4989222748374415,3.611985057500672,3.7216867290676823,3.6311629541360264,right,1
S03,S03::T01,A,0.4166666666666667,0.6561428736958179,0.5428025895244276,3.6382109439973367,3.6023540398858303,3.6374035961793107,right,1
S03,S03::T01,A,0.43333333333333335,0.7022916355568994,0.5574314906043936,3.567053356094478,3.52936190682783,3.5619912497518977,right,1
S03,S03::T01,A,0.45,0.6307416705341836,0.5435994965644596,3.538736149560886,3.591485276396364,3.557477831430434,right,1
S03,S03::T01,A,0.4666666666666667,0.6397812601489749,0.5610030663765607,3.632153923823964,3.6352409097095846,3.6317516815726503,right,1
S03,S03::T01,A,0.48333333333333334,0.6341564715285114,0.579997696999838,3.595212670800122,3.617751462328914,3.5664874642042244,right,1
S03,S03::T01,A,0.5,0.6680180176417656,0.5385864092816911,3.6160846729618745,3.5795365121353897,3.6067789226779183,right,1
S03,S03::T01,A,0.5166666666666667,0.7015575337945311,0.5465436194102756,3.7261438494380457,3.7356582367227045,3.7269333012074606,right,1
S03,S03::T01,A,0.5333333333333333,0.6523122680676046,0.5399843849811466,3.60067789260068,3.621465689634146,3.6036615970298245,right,1
S03,S03::T01,A,0.55,0.6828853848836872,0.5554845140814518,3.6406132872839256,3.7066552599426013,3.6586188164641498,right,1
S03,S03::T01,A,0.5666666666666667,0.7088589577048239,0.5421556324552899,3.6746071146295263,3.6202896827991777,3.6608679134026354,right,1
S03,S03::T01,A,0.5833333333333334,0.7356993850662371,0.5633421039672238,3.7273730724505527,3.745651325012002,3.7261427384576593,right,1
S03,S03::T01,A,0.6,0.7010729707697283,0.5442384784176184,3.708480235734149,3.7374245891112476,3.6965284920668733,right,1
S03,S03::T01,A,0.6166666666666667,0.6506864959463711,0.480282877403708,3.5820028158882042,3.5684588068592364,3.6075170805727783,right,1
S03,S03::T01,A,0.6333333333333333,0.612474698382497,0.5054631058149814,3.661196336339929,3.628188896860072,3.63835624374082,right,1
S03,S03::T01,A,0.65,0.5732715626932025,0.5249385987321913,3.7339512491679914,3.76520037661135,3.7426394043770754,center,1
S03,S03::T01,A,0.6666666666666666,0.6357580667975403,0.4910561577892304,3.6897870353208275,3.6803092242695037,3.7140811930391946,right,1
S03,S03::T01,A,0.6833333333333333,0.6551357548748732,0.38511593302761865,3.6673946425719692,3.714883443399095,3.6961361056798374,right,1
S03,S03::T01,A,0.7,0.630780159947063,0.5387599224442394,3.6478889431008104,3.6326903227266363,3.651321242357455,right,1
S03,S03::T01,A,0.7166666666666667,0.7082266791728844,0.48682507011010123,3.7000148292981585,3.770904547105604,3.7529579907576176,right,1
S03,S03::T01,A,0.7333333333333333,0.58920886484827,0.4768516196606579,3.6877957967740023,3.732004654565367,3.714975255329587,center,1
S03,S03::T01,A,0.75,0.6063781595010621,0.47325658146660854,3.7768240884030257,3.7951009070930812,3.787402949117077,right,1
S03,S03::T01,A,0.7666666666666667,0.5409360285695488,0.42894852579430065,3.749684261190406,3.7765839963029904,3.767729402705977,center,1
S03,S03::T01,A,0.7833333333333333,0.653829985776179,0.45346500400539985,3.6431903098197393,3.6769176758154254,3.6966760657968956,right,1
S03,S03::T01,A,0.8,0.5849627761929113,0.43576195954965624,3.689684833750048,3.7143513107802746,3.6759762379909007,center,1
S03,S03::T01,A,0.8166666666666667,0.5350715057621146,0.4148835678801457,3.729441544031644,3.6994532582124746,3.717091501892952,center,1
S03,S03::T01,A,0.8333333333333334,0.5842462344851062,0.4441464048464182,3.754026161655304,3.7726276614531704,3.7701033599884544,center,1
S03,S03::T01,A,0.85,0.6326076002075662,0.4489698922552404,3.756409568515158,3.8137564191262254,3.78704631514974,right,1
S03,S03::T01,A,0.8666666666666667,0.6419909335741251,0.46903591380395193,3.6788704167582185,3.6140361102800904,3.6270601282549793,right,1
S03,S03::T01,A,0.8833333333333333,0.5557690563956224,0.4366675292511084,3.7607876566785516,3.797735814469717,3.8177434265063903,center,1
S03,S03::T01,A,0.9,0.5774311795570729,0.4181444782070412,3.7413765099922762,3.7320950732438383,3.7464188047311944,center,1
S03,S03::T01,A,0.9166666666666666,0.5317081087897292,0.4394754094428906,3.736644052440216,3.730916463980303,3.704891521426214,center,1
S03,S03::T01,A,0.9333333333333333,0.529584955827104,0.4528750845597576,3.5791458536029648,3.630854381532211,3.600091382980386,center,1
S03,S03::T01,A,0.95,0.5098967749882286,0.44648762336397785,3.6901735607161577,3.604330190913401,3.6469568759144657,center,1
S03,S03::T01,A,0.9666666666666667,0.5734706120053626,0.4011504321301894,3.7626026345960226,3.7718815802190537,3.768516911547156,center,1
S03,S03::T01,A,0.9833333333333333,0.48483678547186637,0.40909924554571825,3.730839894298591,3.6543679382625602,3.6940635721040427,center,1
S03,S03::T01,A,1.0,0.4292397065842988,0.3929753406090088,3.678141402519557,3.6685460286127354,3.6862009158462303,center,1
S03,S03::T01,A,1.0166666666666666,0.4511150044484812,0.4746383095461366,3.6279556330830443,3.645247423148226,3.6502924894050954,center,1
S03,S03::T01,A,1.0333333333333334,0.45959683915903926,0.43190103357117027,3.6502281546319786,3.647210194412723,3.630909718000291,center,1
S03,S03::T01,A,1.05,0.4777256806233715,0.43760377692318175,3.6645587801629227,3.6177050756271694,3.63038057673004,center,1
S03,S03::T01,A,1.0666666666666667,0.4426946320498758,0.35843230274133137,3.6966516981273263,3.7064218882752495,3.692799686483777,center,1
S03,S03::T01,A,1.0833333333333333,0.4598786341881294,0.4035352551297006,3.7182594223029173,3.657929927754041,3.6808583722279336,center,1
S03,S03::T01,A,1.1,0.45145399868265773,0.43758778451091507,3.6585044833988833,3.6330819264141745,3.6579100579812818,center,1
S03,S03::T01,A,1.1166666666666667,0.4223182217234452,0.34323021938504594,3.6065198765894646,3.5569947364746017,3.596439676759749,center,1
S03,S03::T01,A,1.1333333333333333,0.4500006991213058,0.38209169053081105,3.5948764671232,3.6257851605094022,3.6250445201775987,center,1
S03,S03::T01,A,1.15,0.38579661696126044,0.3172658574956461,3.6567236434263966,3.6931242393041646,3.6850219966887137,left,1
S03,S03::T01,A,1.1666666666666667,0.3742468871095791,0.48797696429283793,3.6146829534877587,3.5771306936806124,3.6360250608870985,left,1
S03,S03::T01,A,1.1833333333333333,0.4343747458913259,0.39031995031762196,3.638585953497056,3.6843309956735313,3.6569680833521834,center,1
S03,S03::T01,A,1.2,0.39614229220576275,0.36377355603884975,3.496300429095738,3.5005095275767664,3.486303373041306,left,1
S03,S03::T01,A,1.2166666666666666,0.28572853184570046,0.41223867619155424,3.374428068404229,3.4314530268745926,3.4447496716314556,left,1
S03,S03::T01,A,1.2333333333333334,0.3637146597930298,0.36699268488245596,3.6181892306247603,3.5964691093771126,3.603180005484156,left,1
S03,S03::T01,A,1.25,0.39179667265368173,0.40339208058722764,3.561376747713689,3.5534132898708637,3.540798320006781,left,1
S03,S03::T01,A,1.2666666666666666,0.417177796365327,0.3647023472646681,3.314485348861494,3.3530164439013426,3.3285551316740016,center,1
S03,S03::T01,A,1.2833333333333334,0.3835175509603783,0.42116468406649554,3.6221589256613727,3.6033989141180927,3.5840155743914863,left,1
S03,S03::T01,A,1.3,0.36543093919733205,0.3588870509858041,3.616764330586723,3.5698736202534564,3.6002449281714313,left,1
S03,S03::T01,A,1.3166666666666667,0.3847021362278821,0.3877526393572289,3.5534946809274652,3.556505138508974,3.5495107949385227,left,1
S03,S03::T01,A,1.3333333333333333,0.37911088371191815,0.348104237216338,3.509781945786824,3.5262472722076716,3.534694413328134,left,1
S03,S03::T01,A,1.35,0.37941014062656864,0.3904281218197111,3.4149987112024816,3.462334316618799,3.4315743270084544,left,1
S03,S03::T01,A,1.3666666666666667,0.29583251114128234,0.38201057730435184,3.559074214448471,3.5900143669624542,3.5847365464112766,left,1
S03,S03::T01,A,1.3833333333333333,0.328669104708383,0.3437036344482689,3.667333276146433,3.6819779649057702,3.6684967968893005,left,1
S03,S03::T01,A,1.4,0.27608620214569685,0.45230668031223314,3.6691874869649284,3.6479296649268287,3.6704740817946337,left,1
S03,S03::T01,A,1.4166666666666667,0.36284826127356373,0.3843569924096725,3.5219045842637637,3.564782147047768,3.515740441307379,left,1
S03,S03::T01,A,1.4333333333333333,0.3002844387640792,0.3931297416850166,3.5322833893125662,3.5468549743206883,3.520523662478264,left,1
S03,S03::T01,A,1.45,0.28658152345223853,0.42837693624942463,3.5166623688219096,3.602601276136498,3.5570865423333085,left,1
S03,S03::T01,A,1.4666666666666666,0.38357216536336014,0.3649582045357806,3.46997704108456,3.4368361837636536,3.4396125765118484,left,1
S03,S03::T01,A,1.4833333333333334,0.28225848918329277,0.363111108363944,3.492962026172969,3.5187935518804982,3.4751614134796114,left,1
S03,S03::T02,B,0.0,0.4978614259626803,0.6267208919108445,3.7105003330457382,3.7209381721649355,3.725614179427807,center,2
S03,S03::T02,B,0.016666666666666666,0.47070723440150664,0.6496200252732265,3.733122834753925,3.772234628935892,3.7447873259399826,center,2
S03,S03::T02,B,0.03333333333333333,0.5478912465543055,0.5789376824127969,3.6868164560480983,3.726474429602236,3.7056216396698827,center,2
S03,S03::T02,B,0.05,0.5196832128877044,0.6305672752849593,3.7187097151600783,3.7339520182836363,3.7186600341797202,center,2
S03,S03::T02,B,0.06666666666666667,0.55552698987022,0.5902458273214775,3.685240864953716,3.6641392792006875,3.6500037237082554,center,2
S03,S03::T02,B,0.08333333333333333,0.535262103721748,0.6148025735177335,3.8195365799122865,3.7800293686271913,3.769933279240019,center,2
S03,S03::T02,B,0.1,0.5014827124361926,0.560854641990746,3.582894261352437,3.6379105662916134,3.6272834860848895,center,2
S03,S03::T02,B,0.11666666666666667,0.5476847712950479,0.6381168096706025,3.7028168705778923,3.6863191752662465,3.706859953062601,center,2
S03,S03::T02,B,0.13333333333333333,0.5919249357382043,0.5470595331082817,3.668419245307621,3.6513248510987655,3.6723170704028765,center,2
S03,S03::T02,B,0.15,0.5423541271842602,0.62637934025987,3.7770590957362944,3.773387180678241,3.7652800828032653,center,2
S03,S03::T02,B,0.16666666666666666,0.6476902614272015,0.5666705043579091,3.7060139285210707,3.699399856476439,3.6826793093303185,right,2
S03,S03::T02,B,0.18333333333333332,0.5262890474535711,0.5802542532238691,3.75430092880869,3.7035003743588297,3.7371731184718673,center,2
S03,S03::T02,B,0.2,0.5742994518346092,0.6269785397477659,3.6463122539581097,3.60443534094574,3.652411496789749,center,2
S03,S03::T02,B,0.21666666666666667,0.6225507719206097,0.6142543214494505,3.785016222517823,3.76990566574347,3.7691942840441155,right,2
S03,S03::T02,B,0.23333333333333334,0.626988614215425,0.5568033148672952,3.7656422904226887,3.756326411939182,3.75803910990911,right,2
S03,S03::T02,B,0.25,0.6553177040533884,0.5134599312107346,3.8057547906146927,3.747062790116566,3.7974734600294804,right,2
S03,S03::T02,B,0.26666666666666666,0.6394256228594609,0.6014262198285826,3.698373603552491,3.734045702456749,3.6896126610498863,right,2
S03,S03::T02,B,0.2833333333333333,0.6969860799366892,0.5986544032686141,3.7757158273831006,3.754985434947505,3.765726329036158,right,2
S03,S03::T02,B,0.3,0.6287172645316322,0.5349239253076513,3.791985210783224,3.7669726713539977,3.7582422355113527,right,2
S03,S03::T02,B,0.31666666666666665,0.6720590036280549,0.6472729992847924,3.7997062926186502,3.8399639734272544,3.789822737637209,right,2
S03,S03::T02,B,0.3333333333333333,0.6324498099089029,0.6114910349200285,3.7821201682754637,3.7542421875208727,3.7699632962717207,right,2
S03,S03::T02,B,0.35,0.701262598309874,0.5247120283353102,3.721993313532994,3.7710395277964386,3.7426926251761183,right,2
S03,S03::T02,B,0.36666666666666664,0.6573975901174516,0.6042428100692601,3.767537035673745,3.7955707288196345,3.8078874740755633,right,2
S03,S03::T02,B,0.38333333333333336,0.6574273880239283,0.5212390545196002,3.5663747446622485,3.6081460948795603,3.5829997069197708,right,2
S03,S03::T02,B,0.4,0.670963956553316,0.6197032976907827,3.7272868623207582,3.737003092513022,3.732245455731863,right,2
S03,S03::T02,B,0.4166666666666667,0.6418182580632189,0.6197394815480373,3.661180798785129,3.6952842601923415,3.7078585180195778,right,2
S03,S03::T02,B,0.43333333333333335,0.6628395504635112,0.6183009358412633,3.8361375403632714,3.835721053928746,3.836773287916461,right,2
S03,S03::T02,B,0.45,0.6215355707737962,0.5071091627100034,3.765070881575377,3.7798734500170954,3.765029797884083,right,2
S03,S03::T02,B,0.4666666666666667,0.6683313454043642,0.5346264724584017,3.8364814929397086,3.8636477984023383,3.830208604138011,right,2
S03,S03::T02,B,0.48333333333333334,0.6772637229495575,0.49713197052659924,3.7904844052756586,3.8005803384548393,3.803579833257052,right,2
S03,S03::T02,B,0.5,0.7027618267118796,0.5032873403381128,3.8592582284526955,3.909441455942981,3.870333892668538,right,2
S03,S03::T02,B,0.5166666666666667,0.6649151011012533,0.6049892981992256,3.896019128836202,3.830844270655104,3.864208450048989,right,2
S03,S03::T02,B,0.5333333333333333,0.6335884729504482,0.5326805959757873,3.792957973138734,3.8476875933028287,3.8249483914473323,right,2
S03,S03::T02,B,0.55,0.6762706450682973,0.5144100046468147,3.8913828088192624,3.879060107575315,3.8656021563175433,right,2
S03,S03::T02,B,0.5666666666666667,0.6549349139303388,0.5114345201643467,3.809128107893355,3.8315036973086833,3.8457473482921647,right,2
S03,S03::T02,B,0.5833333333333334,0.6415259845805399,0.4834632358034534,3.8123238444747383,3.822060069430704,3.828581642248427,right,2
S03,S03::T02,B,0.6,0.7321646794152898,0.48861154444227956,3.8911004566701317,3.8549219166818136,3.8956717612279927,right,2
S03,S03::T02,B,0.6166666666666667,0.6596307677322535,0.5212806949782924,3.951891129464898,3.9552823691732097,3.9688604409414396,right,2
S03,S03::T02,B,0.6333333333333333,0.7662233387400429,0.48712770052485543,3.8839210023082384,3.9784265942029045,3.936381092301785,right,2
S03,S03::T02,B,0.65,0.6476882650202302,0.47936062446537286,3.8877292208424548,3.8247101991121046,3.845784237620646,right,2
S03,S03::T02,B,0.6666666666666666,0.6185909917785761,0.4812203179467558,3.939158531047566,3.9397969123381995,3.9525634325729775,right,2
S03,S03::T02,B,0.6833333333333333,0.6422732113500168,0.48636960741159285,3.841290582003722,3.87421977844788,3.8604478815289283,right,2
S03,S03::T02,B,0.7,0.6166096985051678,0.47182434801234374,3.707695162962832,3.758276830177847,3.7349249803665567,right,2
S03,S03::T02,B,0.7166666666666667,0.6664569238613907,0.4553860691960605,3.8789351659296587,3.8629212267135555,3.8632449811721017,right,2
S03,S03::T02,B,0.7333333333333333,0.6160003349897513,0.45289229953578575,3.984142720947631,3.956314362255911,3.935170376468151,right,2
S03,S03::T02,B,0.75,0.6285058254113224,0.4792376641718154,3.832645918096194,3.8369264296749455,3.8418418846742486,right,2
S03,S03::T02,B,0.7666666666666667,0.6490194651561363,0.44640295825388615,3.9722211415410795,3.9236539395496774,3.9430619413504635,right,2
S03,S03::T02,B,0.7833333333333333,0.6101306403077659,0.44639504804568475,3.977308997147468,4.0242278046764985,4.003646039174136,right,2
S03,S03::T02,B,0.8,0.6131903636285972,0.42540271213710806,3.9477387582850225,3.910904369074518,3.929147098620161,right,2
S03,S03::T02,B,0.8166666666666667,0.5777874935370095,0.4414538376177744,4.007854051578525,3.9497993137691334,3.959626010935381,center,2
S03,S03::T02,B,0.8333333333333334,0.6234238329372727,0.4587593225754683,3.9408371283251804,3.9269657566366845,3.9145288645101175,right,2
S03,S03::T02,B,0.85,0.6414408066743699,0.3720407347408953,3.7669279963185,3.784375198332583,3.786634233960187,right,2
S03,S03::T02,B,0.8666666666666667,0.5666355568475553,0.43851412270155654,3.8784371268771394,3.964856136515568,3.9394638039476195,center,2
S03,S03::T02,B,0.8833333333333333,0.5310830577050931,0.4500615835522572,3.877115414877764,3.899407654059908,3.8746347728012482,center,2
S03,S03::T02,B,0.9,0.5608508923226129,0.42459415824853985,3.9110545109170824,3.9272733905072785,3.931217245558974,center,2
S03,S03::T02,B,0.9166666666666666,0.6086072552148521,0.398074076715405,3.7555479161662264,3.771615107887471,3.7893665074280287,right,2
S03,S03::T02,B,0.9333333333333333,0.5315217910077036,0.4498780251639903,3.9304101791086032,3.9241845410314,3.910338085220247,center,2
S03,S03::T02,B,0.95,0.5807079545518752,0.4469741880926511,3.957935546511369,3.950911788693912,3.923684843333814,center,2
S03,S03::T02,B,0.9666666666666667,0.489502858778359,0.3776439671944863,3.9712636620694926,3.903983141898622,3.9664346469768934,center,2
S03,S03::T02,B,0.9833333333333333,0.5046332609388321,0.42221356057145926,3.924037207955683,3.893312246945634,3.887105725513562,center,2
S03,S03::T02,B,1.0,0.537602593438124,0.4111373441267854,3.8650728420867013,3.8327826080321765,3.784889323001083,center,2
S03,S03::T02,B,1.0166666666666666,0.5015819702558825,0.32817503634007456,3.8732359518400328,3.8632009085560157,3.8561650333940434,center,2
S03,S03::T02,B,1.0333333333333334,0.4668862059412033,0.40926004104667496,3.720915757776795,3.7011350368279117,3.727233394582266,center,2
S03,S03::T02,B,1.05,0.5345878381431615,0.3456353614479107,3.7053532106837674,3.7196457145604755,3.719952404420301,center,2
S03,S03::T02,B,1.0666666666666667,0.4626798974013678,0.3935880592177165,3.8129233759352745,3.8322108368329464,3.8388147040587985,center,2
S03,S03::T02,B,1.0833333333333333,0.45915656222190465,0.33831586443099176,3.8754803369847455,3.823439220455772,3.8476752822075526,center,2
S03,S03::T02,B,1.1,0.4369548024463776,0.40677176731567033,3.812676258313807,3.810601301587187,3.817341150914961,center,2
S03,S03::T02,B,1.1166666666666667,0.4071755494816477,0.46974471822658753,3.8706451023901804,3.843592138112602,3.8664919245334834,center,2
S03,S03::T02,B,1.1333333333333333,0.4347308374549155,0.3629283520343717,3.823498455838902,3.776562457727175,3.8338137464630035,center,2
S03,S03::T02,B,1.15,0.46468979093624085,0.35049184208381984,3.8067643214879245,3.8281970034938433,3.8108042348340514,center,2
S03,S03::T02,B,1.1666666666666667,0.40698161344426503,0.32600446688378326,3.686413551129986,3.6971191408116146,3.668928677153005,center,2
S03,S03::T02,B,1.1833333333333333,0.4469076934806064,0.34536203051526426,3.692123697495408,3.7250798493051676,3.71735211340485,center,2
S03,S03::T02,B,1.2,0.36525875828956317,0.4174809971006687,3.7652375985793367,3.7562124924978564,3.7619756345411206,left,2
S03,S03::T02,B,1.2166666666666666,0.3953157928251708,0.3819652018159313,3.6663469282989682,3.6600892967149576,3.6576372091009293,left,2
S03,S03::T02,B,1.2333333333333334,0.40387696258524997,0.31937899414885224,3.6421188663181217,3.7061601045707295,3.664464593418491,center,2
S03,S03::T02,B,1.25,0.391981854509027,0.37134729265908795,3.6808493285019916,3.6100213255216276,3.6397663172620667,left,2
S03,S03::T02,B,1.2666666666666666,0.36109856159650483,0.3664146065212849,3.700430261115097,3.6701750015820456,3.685392834757524,left,2
S03,S03::T02,B,1.2833333333333334,0.2935494367791442,0.40153311286690413,3.7524868944391025,3.712791396657817,3.7312578512169146,left,2
S03,S03::T02,B,1.3,0.35030122670568475,0.36336467813904916,3.7594750872246863,3.8010312063266247,3.7876753849839866,left,2
S03,S03::T02,B,1.3166666666666667,0.3817032906319562,0.3955064079992222,3.7020354261547443,3.7214473831419683,3.7143618858481595,left,2
S03,S03::T02,B,1.3333333333333333,0.36755749695655865,0.3788032128235294,3.6769578869307233,3.660489415264841,3.6869429842468335,left,2
S03,S03::T02,B,1.35,0.3370099355082676,0.32407045779758115,3.578662976812348,3.6677536645523725,3.6420331091469347,left,2
S03,S03::T02,B,1.3666666666666667,0.38448062841393704,0.34826371611403895,3.7895702901172137,3.7277064071733657,3.780621603308424,left,2
S03,S03::T02,B,1.3833333333333333,0.29551569008933404,0.43257730683490436,3.687821391437223,3.7087016395467236,3.7143866704381114,left,2
S03,S03::T02,B,1.4,0.34469441037941706,0.4009358260142214,3.7734779711824222,3.758371342926396,3.740300099646073,left,2
S03,S03::T02,B,1.4166666666666667,0.38560037997097424,0.39689287488792246,3.6527115019167815,3.64256906131669,3.6322452409228134,left,2
S03,S03::T02,B,1.4333333333333333,0.3805256294328062,0.39174585740502965,3.6179767901287687,3.6213925433513863,3.617795307291691,left,2
S03,S03::T02,B,1.45,0.39263314734777655,0.3372363394082256,3.7175132779487674,3.6919997106511255,3.706556266581601,left,2
S03,S03::T02,B,1.4666666666666666,0.2787469741580009,0.3876492513218451,3.645738235229803,3.706411883128374,3.696802563995892,left,2
S03,S03::T02,B,1.4833333333333334,0.3072157659220183,0.415068201903472,3.7579614992928967,3.7250876365977175,3.762437809197473,left,2
S03,S03::T03,A,0.0,0.4920153820617211,0.6334337244676718,3.564253799193675,3.5486635852353334,3.575030871364946,center,3
S03,S03::T03,A,0.016666666666666666,0.5496979100171331,0.6027178728939152,3.440208033072279,3.43855431637611,3.4325394522040513,center,3
S03,S03::T03,A,0.03333333333333333,0.48760604719621975,0.6336364256557752,3.508083755517973,3.568778017295626,3.543591788557264,center,3
S03,S03::T03,A,0.05,0.5169395410006425,0.5884139668077086,3.452834996395605,3.4720534528862004,3.4581550278831186,center,3
S03,S03::T03,A,0.06666666666666667,0.5213760042639121,0.5643770863911459,3.525207383899261,3.5167057109495268,3.5434897840629906,center,3
S03,S03::T03,A,0.08333333333333333,0.5164330973279054,0.6369460143410611,3.387221073952605,3.3616881581800557,3.386798825941075,center,3
S03,S03::T03,A,0.1,0.5312297053470306,0.6668461602655879,3.5821567369841927,3.610349768075804,3.55766168013087,center,3
S03,S03::T03,A,0.11666666666666667,0.5570599321877122,0.6008148071874807,3.5057022371211666,3.4872604371100753,3.4872149117865763,center,3
S03,S03::T03,A,0.13333333333333333,0.6040964487931981,0.5266526293669105,3.4394206817392043,3.4288883703945823,3.4498137302381435,right,3
S03,S03::T03,A,0.15,0.5857015701822232,0.6520070035081734,3.6219601518292164,3.60654629995119,3.627374291079181,center,3
S03,S03::T03,A,0.16666666666666666,0.6199380079950355,0.6161255038027826,3.4926591504839153,3.540528786246463,3.508070423060994,right,3
S03,S03::T03,A,0.18333333333333332,0.5908119913577502,0.6898707433173479,3.515362147926662,3.5431597989881616,3.5245160938440367,center,3
S03,S03::T03,A,0.2,0.608932886847213,0.6574163763000052,3.549101941065771,3.526923893386765,3.5233183427593344,right,3
S03,S03::T03,A,0.21666666666666667,0.55827435299221,0.585990430088781,3.5713320738162837,3.5661620391879345,3.5618979703388036,center,3
S03,S03::T03,A,0.23333333333333334,0.6353988863432936,0.6002674894216978,3.4663774934139386,3.4807640827893804,3.4866263946829585,right,3
S03,S03::T03,A,0.25,0.6583028708435212,0.6160415051059449,3.6348518597070543,3.5853032891330145,3.61808680630739,right,3
S03,S03::T03,A,0.26666666666666666,0.636464132524569,0.5745866563642534,3.4645105501217612,3.4871889670273224,3.4769055907915503,right,3
S03,S03::T03,A,0.2833333333333333,0.6758693031282733,0.6472111032433575,3.510181002032178,3.4972784033274436,3.4961453701472545,right,3
S03,S03::T03,A,0.3,0.6868403735551583,0.6121640859702007,3.5368808254268513,3.555603586548145,3.5452068159587737,right,3
S03,S03::T03,A,0.31666666666666665,0.6565034904902841,0.5587277350234854,3.672691439665831,3.6668665868847503,3.6655366223429935,right,3
S03,S03::T03,A,0.3333333333333333,0.67239624070181,0.6300837706586679,3.515766554003328,3.5231529563565114,3.514614674269393,right,3
S03,S03::T03,A,0.35,0.7283566813475206,0.533881192552922,3.5578728674480873,3.597629478752248,3.5725105559603847,right,3
S03,S03::T03,A,0.36666666666666664,0.6380972961278639,0.5953279549134902,3.560437002559094,3.523138133968204,3.5283951171143597,right,3
S03,S03::T03,A,0.38333333333333336,0.6821354657895102,0.5263341906408918,3.458563205515303,3.4866956688842383,3.516217807718007,right,3
S03,S03::T03,A,0.4,0.7352643617013617,0.6012587668187233,3.60366934107633,3.5616270433387984,3.5857455298502323,right,3
S03,S03::T03,A,0.4166666666666667,0.653032418342353,0.5338108405840878,3.67706822711492,3.634228008473987,3.6653019555079807,right,3
S03,S03::T03,A,0.43333333333333335,0.7423269325641602,0.538689088758828,3.519637038739195,3.5084318442610236,3.5054932232683726,right,3
S03,S03::T03,A,0.45,0.6835605875002301,0.5638768432527423,3.607868767053938,3.597368945378891,3.607270145126712,right,3
S03,S03::T03,A,0.4666666666666667,0.657479246693291,0.5605027322223284,3.6434855028801754,3.6049084094476247,3.6335216919231046,right,3
S03,S03::T03,A,0.48333333333333334,0.7018942130854787,0.5564253206595315,3.6058141789085267,3.5919072132796948,3.597970904629836,right,3
S03,S03::T03,A,0.5,0.7094340340950371,0.5430830801021254,3.642844834559861,3.5518414971038856,3.6022423227493023,right,3
S03,S03::T03,A,0.5166666666666667,0.6656807741274686,0.49941660998889154,3.5879404385364597,3.565801665427021,3.5832106549497005,right,3
S03,S03::T03,A,0.5333333333333333,0.6886042274924972,0.5210763583012942,3.6279237393841863,3.638901643342223,3.615566400182148,right,3
S03,S03::T03,A,0.55,0.6674839077796714,0.5238885285036237,3.5811474267808765,3.6507995783414025,3.6159384764742137,right,3
S03,S03::T03,A,0.5666666666666667,0.6588562186232628,0.5299629501505994,3.706239976253942,3.7112805077674857,3.7174824989831134,right,3
S03,S03::T03,A,0.5833333333333334,0.6896180046618122,0.49332056768365806,3.6169831714731853,3.5778610551093886,3.634900402781646,right,3
S03,S03::T03,A,0.6,0.7073121580187021,0.5349582865098322,3.686693209704059,3.667572356750854,3.6996579981784388,right,3
S03,S03::T03,A,0.6166666666666667,0.6424107264594094,0.4883962954377421,3.724305270968115,3.7942463286613934,3.766214451914817,right,3
S03,S03::T03,A,0.6333333333333333,0.6612071856264542,0.4757912947621257,3.6675568265145397,3.6476751514818813,3.6405471091771493,right,3
S03,S03::T03,A,0.65,0.7327602526237442,0.4600676312740433,3.629689941975179,3.681935832760219,3.654111663706366,right,3
S03,S03::T03,A,0.6666666666666666,0.678281255891808,0.45422018346365256,3.7214439194252456,3.7126355046793797,3.7194556608734373,right,3
S03,S03::T03,A,0.6833333333333333,0.6024346998145285,0.4474535094437869,3.6705013079972497,3.69400276127232,3.6915398253311364,right,3
S03,S03::T03,A,0.7,0.6744297839406654,0.45519570267741355,3.783573149799479,3.7805296201846086,3.7897282751514183,right,3
S03,S03::T03,A,0.7166666666666667,0.6017206580142149,0.5240308415767061,3.774992679307392,3.7997535596460232,3.784126274139329,right,3
S03,S03::T03,A,0.7333333333333333,0.5833843267042402,0.46901365470778394,3.774070701924876,3.7938080842966415,3.7607642070811127,center,3
S03,S03::T03,A,0.75,0.6273416951581312,0.5259236992991252,3.80968311497957,3.7865357155187445,3.8174633842190593,right,3
S03,S03::T03,A,0.7666666666666667,0.6702880243968853,0.39643664660355193,3.7348058912127686,3.689788394561202,3.731224245519649,right,3
S03,S03::T03,A,0.7833333333333333,0.6479721334377662,0.48200944405978385,3.733486507235644,3.782235200515637,3.7568290616647344,right,3
S03,S03::T03,A,0.8,0.657384704777928,0.4730078269871715,3.861993980783083,3.833562935039291,3.8221294326117348,right,3
S03,S03::T03,A,0.8166666666666667,0.6287566684460301,0.3859255894556872,3.899535659671278,3.8872951864047716,3.895731882648017,right,3
S03,S03::T03,A,0.8333333333333334,0.580549150194611,0.4465366834460014,3.727234497425512,3.7254597754357106,3.7248147220059193,center,3
S03,S03::T03,A,0.85,0.6018613071767209,0.4424402164511866,3.7350065496009552,3.7073937835067645,3.7275820643029953,right,3
S03,S03::T03,A,0.8666666666666667,0.6366188532836919,0.4457152710556234,3.8413379141837747,3.8015119051728363,3.836744945474645,right,3
S03,S03::T03,A,0.8833333333333333,0.6368167603257593,0.4059988105610428,3.7023096195605216,3.770098947180605,3.7424828722825456,right,3
S03,S03::T03,A,0.9,0.503219144803957,0.4395173063902924,3.720692767009354,3.6507866820986727,3.6463749131131493,center,3
S03,S03::T03,A,0.9166666666666666,0.5597873380238031,0.45589836046519516,3.7530764618578565,3.7857594561082544,3.7521657472965084,center,3
S03,S03::T03,A,0.9333333333333333,0.5167305413191847,0.38092499060082485,3.685175311272938,3.6792348229892347,3.718723594289162,center,3
S03,S03::T03,A,0.95,0.5633155454113165,0.39916855925161426,3.7377595240601176,3.7551996007849437,3.7199703517177776,center,3
S03,S03::T03,A,0.9666666666666667,0.5450311420128597,0.4305905278027986,3.7726702991648655,3.753073319439717,3.7581652442214297,center,3
S03,S03::T03,A,0.9833333333333333,0.51206860014892,0.374417930227196,3.7071436490987866,3.6499646408147557,3.6629430293841945,center,3
S03,S03::T03,A,1.0,0.4779808376695931,0.4336456473654558,3.646505893481773,3.638521573263048,3.6499447756246517,center,3
S03,S03::T03,A,1.0166666666666666,0.5078875932209846,0.400687316172029,3.6003079119779127,3.6246328880548195,3.6302916241452077,center,3
S03,S03::T03,A,1.0333333333333334,0.48079127035430214,0.42960348173205115,3.7333558865125545,3.7336021058505886,3.7366292339745226,center,3
S03,S03::T03,A,1.05,0.4793547310915278,0.28936831577934796,3.6860547292646397,3.6571005387364184,3.6719908342755865,center,3
S03,S03::T03,A,1.0666666666666667,0.45985951209026144,0.4264077098923708,3.51760295057393,3.4781348823783675,3.486032496595476,center,3
S03,S03::T03,A,1.0833333333333333,0.467252710923172,0.40795306317622804,3.663409119348212,3.6618344595656924,3.689967161190451,center,3
S03,S03::T03,A,1.1,0.4473830540624124,0.4122991253618512,3.6377274118802774,3.642977737926338,3.6483260070247683,center,3
S03,S03::T03,A,1.1166666666666667,0.46639318291390414,0.3624892930869168,3.45413630315038,3.4471477017997576,3.4441695560897783,center,3
S03,S03::T03,A,1.1333333333333333,0.332794210604175,0.4439980813508646,3.729333408270842,3.6900335785445186,3.7019578218608644,left,3
S03,S03::T03,A,1.15,0.4122262882677959,0.35773776533504054,3.722710281023805,3.708440853167201,3.7062000253681,center,3
S03,S03::T03,A,1.1666666666666667,0.3955017504442631,0.41583650081163254,3.6086739069580895,3.574753392270567,3.5928271042580766,left,3
S03,S03::T03,A,1.1833333333333333,0.4155886979380327,0.37930253622890786,3.6388931366567645,3.591874341285346,3.6171505871491787,center,3
S03,S03::T03,A,1.2,0.42616066075243514,0.31488730608108406,3.6016158533904976,3.5079377459102035,3.546688576434127,center,3
S03,S03::T03,A,1.2166666666666666,0.39658852460830446,0.4036974110584999,3.522473083659846,3.5320687153954924,3.534169376194253,left,3
S03,S03::T03,A,1.2333333333333334,0.3842623485112797,0.3823067959598187,3.664148886784597,3.669662908873683,3.6264787886176544,left,3
S03,S03::T03,A,1.25,0.3579817743061204,0.35408869509275975,3.4993108981469474,3.554169909218124,3.5241598403833936,left,3
S03,S03::T03,A,1.2666666666666666,0.3940628839155505,0.3750269094517441,3.4810847607036557,3.562163684174616,3.516800187337393,left,3
S03,S03::T03,A,1.2833333333333334,0.42627409616733253,0.4772117528272123,3.555395998430262,3.5815607810733714,3.567446409657082,center,3
S03,S03::T03,A,1.3,0.3715277607947362,0.35774862427272075,3.455358402940866,3.4282587086992424,3.449513191305216,left,3
S03,S03::T03,A,1.3166666666666667,0.3593670057751711,0.417148979555064,3.5051318222137615,3.5139057458398746,3.503413285232272,left,3
S03,S03::T03,A,1.3333333333333333,0.3614204217309989,0.37743941936492686,3.545109935695961,3.584121600582437,3.574175696753157,left,3
S03,S03::T03,A,1.35,0.323090505641939,0.39082106114207416,3.4110256939216588,3.3953642258824273,3.414533052198176,left,3
S03,S03::T03,A,1.3666666666666667,0.31059602378290085,0.4188793797157165,3.5365159707198,3.4927179449056314,3.5102392272979954,left,3
S03,S03::T03,A,1.3833333333333333,0.3052146592626873,0.419970841241719,3.4495226150376257,3.5081256681702824,3.4903983590232697,left,3
S03,S03::T03,A,1.4,0.3370042266306863,0.40328763977720355,3.442256755824504,3.469023160098453,3.466452090632331,left,3
S03,S03::T03,A,1.4166666666666667,0.3533950913329926,0.35571330898752096,3.4122058361346292,3.4686444333088673,3.436136263587523,left,3
S03,S03::T03,A,1.4333333333333333,0.33597147392332355,0.40262572668725755,3.4565671798938964,3.4698578329676324,3.452098792028871,left,3
S03,S03::T03,A,1.45,0.3130331611817308,0.40297619812960844,3.4501121448299923,3.4409726490586383,3.46496406985995,left,3
S03,S03::T03,A,1.4666666666666666,0.3444325573481095,0.37659181617892146,3.4538307478039143,3.471263197027421,3.455903944274521,left,3
S03,S03::T03,A,1.4833333333333334,0.3104647907224277,0.3628896007165981,3.504413959092196,3.527449916778675,3.4886626089036117,left,3
S03,S03::T04,B,0.0,0.5107228730156483,0.6277518189313144,3.679756759543798,3.683123223230541,3.683494027448487,center,4
S03,S03::T04,B,0.016666666666666666,0.5650877388239424,0.661916544942482,3.7400748599315787,3.738089217605698,3.7239377648177543,center,4
S03,S03::T04,B,0.03333333333333333,0.48040013120465047,0.5878994622243598,3.6950223968589198,3.682719073029944,3.675563882111373,center,4
S03,S03::T04,B,0.05,0.5160939756358475,0.6856023903048807,3.7191580094229333,3.7408498401996986,3.7508443726458363,center,4
S03,S03::T04,B,0.06666666666666667,0.5032857115855942,0.6256707495717115,3.652083865122125,3.65682974449724,3.6458275389541015,center,4
S03,S03::T04,B,0.08333333333333333,0.5523799770457043,0.6125286733987543,3.780776917207577,3.7843536846183525,3.797429553470038,center,4
S03,S03::T04,B,0.1,0.5230111281670291,0.6361472256310305,3.7346690335177013,3.7083813656405,3.735299346356575,center,4
S03,S03::T04,B,0.11666666666666667,0.5824520737696048,0.6254476920407936,3.676549647729722,3.708414292714107,3.6788919977983663,center,4
S03,S03::T04,B,0.13333333333333333,0.5734478839227952,0.6034030537600453,3.730811831800248,3.727667976278277,3.759221849262736,center,4
S03,S03::T04,B,0.15,0.590675673689754,0.618195032202653,3.78092752504514,3.751862686386724,3.753752425494651,center,4
S03,S03::T04,B,0.16666666666666666,0.6007499124576092,0.6378253440179966,3.713414323267665,3.641318317046297,3.6724302591669864,right,4
S03,S03::T04,B,0.18333333333333332,0.5877127823902627,0.6669764100502868,3.654484455997694,3.6367860789857542,3.628055670758409,center,4
S03,S03::T04,B,0.2,0.6432267720815591,0.6479263800375528,3.5920944902396093,3.630308635514183,3.6194552549375243,right,4
S03,S03::T04,B,0.21666666666666667,0.6869816799819698,0.6514821138162843,3.7115931328503335,3.679211680310001,3.6559426432675517,right,4
S03,S03::T04,B,0.23333333333333334,0.6393697577054979,0.6298581260438391,3.6933758023019534,3.6793659294969263,3.6859056747074073,right,4
S03,S03::T04,B,0.25,0.6341020195111916,0.602418614680221,3.6638850112956356,3.663399448540934,3.6939708686703887,right,4
S03,S03::T04,B,0.26666666666666666,0.6536583569181244,0.561793084985795,3.838300621666972,3.8697885368649594,3.84562268938326,right,4
S03,S03::T04,B,0.2833333333333333,0.6198964814061625,0.5852446362762291,3.7081983338358535,3.7530069987888353,3.7101154563785914,right,4
S03,S03::T04,B,0.3,0.6172370192717135,0.5670863913462929,3.7025732698040463,3.6993232994788916,3.72365583870619,right,4
S03,S03::T04,B,0.31666666666666665,0.6289575915815173,0.6103733999836412,3.6895789973553326,3.686052856232402,3.68567549903369,right,4
S03,S03::T04,B,0.3333333333333333,0.6731235948721342,0.50079991688417,3.851591652826405,3.8299043993082287,3.8114469825513613,right,4
S03,S03::T04,B,0.35,0.6722928646496309,0.5656114263401353,3.650627874312295,3.6305895769003236,3.6470814929638324,right,4
S03,S03::T04,B,0.36666666666666664,0.7200648867846349,0.592725596982906,3.772191095685026,3.815000270360464,3.7526934683541313,right,4
S03,S03::T04,B,0.38333333333333336,0.620039404904966,0.5830254493857664,3.7442827578987417,3.710623362659513,3.7391894179659153,right,4
S03,S03::T04,B,0.4,0.6911163147031543,0.5791792955335588,3.708310310144987,3.7384967097075625,3.744637002257858,right,4
S03,S03::T04,B,0.4166666666666667,0.7236433738824024,0.5742640458158064,3.7695947313793416,3.746835470562801,3.761760006124395,right,4
S03,S03::T04,B,0.43333333333333335,0.6351698864378595,0.5102965998272029,3.7250106255172555,3.7243632489871814,3.7336145544758343,right,4
S03,S03::T04,B,0.45,0.708998536828309,0.6001969642326583,3.7465149973022998,3.6831253377216444,3.71196237594672,right,4
S03,S03::T04,B,0.4666666666666667,0.6997761259166486,0.5783461711882224,3.837459562223702,3.8761513933273304,3.846856317190987,right,4
S03,S03::T04,B,0.48333333333333334,0.6812433841301835,0.5871023176690493,3.9154610843038733,3.863520185982762,3.875354153266139,right,4
S03,S03::T04,B,0.5,0.6274940967110922,0.5477270950163787,3.8421072662144207,3.8927950420029904,3.8437304359402598,right,4
S03,S03::T04,B,0.5166666666666667,0.6555539844311203,0.5219689453771518,3.923840140464296,3.8721098363183755,3.8889531128923043,right,4
S03,S03::T04,B,0.5333333333333333,0.708368324868261,0.5596661301696889,3.813629669041382,3.8407632682516804,3.834390066706927,right,4
S03,S03::T04,B,0.55,0.7133102212911702,0.5036025982586029,3.679989716516659,3.6922071649280572,3.699231073927927,right,4
S03,S03::T04,B,0.5666666666666667,0.6720757525229614,0.4823165277784155,3.7957444098738646,3.7462678248254773,3.7837033174957924,right,4
S03,S03::T04,B,0.5833333333333334,0.6666965680888302,0.4488807609298696,3.8933106546857092,3.8986244240540726,3.8836042468949623,right,4
S03,S03::T04,B,0.6,0.7170883425464639,0.47959196671839754,3.722616966266529,3.7488523596235157,3.7248620608213256,right,4
S03,S03::T04,B,0.6166666666666667,0.6753653327074631,0.49703751016313324,3.8698898408009823,3.878387695192779,3.8822353582001443,right,4
S03,S03::T04,B,0.6333333333333333,0.6855643676433072,0.44599318082734785,3.8620300870073088,3.8329187997505985,3.903218294945783,right,4
S03,S03::T04,B,0.65,0.6871963543836057,0.4339238990197277,3.8855027407949376,3.9104699845325537,3.9097448910350177,right,4
S03,S03::T04,B,0.6666666666666666,0.5933550794486206,0.46717171387178563,3.8386663966626613,3.8311752166449757,3.836257207798931,center,4
S03,S03::T04,B,0.6833333333333333,0.759592499901085,0.5178774918542458,3.881347732500347,3.8856397736879247,3.8863450715368884,right,4
S03,S03::T04,B,0.7,0.6677025462111099,0.4670569356615914,3.897286059995131,3.8772503612474196,3.8941678035145015,right,4
S03,S03::T04,B,0.7166666666666667,0.7084127065007377,0.48217124920843873,3.89660161516701,3.9513335038307966,3.933994085770441,right,4
S03,S03::T04,B,0.7333333333333333,0.6103517484043728,0.43031717118708057,3.8778902464718294,3.9475885293704085,3.909044889324405,right,4
S03,S03::T04,B,0.75,0.5727520096277073,0.4680577599513583,3.800540071422144,3.8179200644349667,3.8251146921289525,center,4
S03,S03::T04,B,0.7666666666666667,0.642016316744606,0.4770205820050561,4.096798638433033,4.062140531997576,4.072202225904591,right,4
S03,S03::T04,B,0.7833333333333333,0.5584773009563552,0.40809364789022073,3.924537458371856,3.9492195914573567,3.9525373684711385,center,4
S03,S03::T04,B,0.8,0.5843071935497208,0.4313387688445579,3.943756167671715,3.920862391137763,3.9199442036763825,center,4
S03,S03::T04,B,0.8166666666666667,0.5969759034421266,0.43155438115176326,3.898319091629192,3.8998166752970023,3.9014942057471402,center,4
S03,S03::T04,B,0.8333333333333334,0.5463674471899475,0.45289775498169244,4.008822767874587,3.946200592239628,3.9764839786746418,center,4
S03,S03::T04,B,0.85,0.5858027577066834,0.41463200540683726,3.9494419144889745,4.001722388029378,3.9412194896729806,center,4
S03,S03::T04,B,0.8666666666666667,0.5736021129616823,0.3721156645981074,3.9519113163655226,3.9721620652365077,3.9504867083706956,center,4
S03,S03::T04,B,0.8833333333333333,0.5571495312438893,0.40836465042950043,3.814491546210236,3.8188881153231202,3.8308228727788145,center,4
S03,S03::T04,B,0.9,0.5381967371165989,0.4732858652688777,3.7937352451020083,3.789750637115108,3.7905562600873566,center,4
S03,S03::T04,B,0.9166666666666666,0.593983413288097,0.4657614474903576,3.9640286178832067,4.0081965825320856,3.9867697850594195,center,4
S03,S03::T04,B,0.9333333333333333,0.5399549939415464,0.3963476619473546,3.9024760160619127,3.9319403075575363,3.9127854710941614,center,4
S03,S03::T04,B,0.95,0.5372327756159848,0.3830448302154304,3.907698196938417,3.944187935161136,3.9085357344709974,center,4
S03,S03::T04,B,0.9666666666666667,0.5346135372335311,0.37505131410189557,3.9498077343249913,3.932710323039334,3.952381732965741,center,4
S03,S03::T04,B,0.9833333333333333,0.485507836766441,0.3918486309521667,3.880164123158373,3.817460543787348,3.8505222556350467,center,4
S03,S03::T04,B,1.0,0.49218456991652504,0.40898194988017744,3.886144367088843,3.8879073180069734,3.8939360504680063,center,4
S03,S03::T04,B,1.0166666666666666,0.5716829892088815,0.4272446398465471,3.7737879157779455,3.759376033799348,3.746639823141324,center,4
S03,S03::T04,B,1.0333333333333334,0.460276558710156,0.45631793044854396,3.8439996726513357,3.8798187325139644,3.8382507708864773,center,4
S03,S03::T04,B,1.05,0.52873946440415,0.3881467014887052,3.8330562659700065,3.797023584923916,3.8288994279509065,center,4
S03,S03::T04,B,1.0666666666666667,0.4021806275197631,0.4538671674758173,3.8550757842162646,3.8478636690669354,3.882428038603725,center,4
S03,S03::T04,B,1.0833333333333333,0.4618731989513093,0.4280734199547047,3.7863984928517636,3.7851594918540363,3.7864661268320114,center,4
S03,S03::T04,B,1.1,0.42717417016232084,0.379697002474048,3.936208808014613,3.9332379909994044,3.927028668604011,center,4
S03,S03::T04,B,1.1166666666666667,0.4460204518254276,0.3376497135524459,3.64565283131337,3.6833195369683294,3.640651548269266,center,4
S03,S03::T04,B,1.1333333333333333,0.4503588460725039,0.38243951448407104,3.8571453353371625,3.828140435600746,3.8485423336238984,center,4
S03,S03::T04,B,1.15,0.4387262947944864,0.43931419015197226,3.6587032882173984,3.65845765398018,3.670171230142978,center,4
S03,S03::T04,B,1.1666666666666667,0.38414801692989664,0.37722183445884183,3.824627447268616,3.790049140635495,3.8261153737956044,left,4
S03,S03::T04,B,1.1833333333333333,0.3661681838826191,0.4434980361534824,3.8336194184487824,3.775828486862639,3.806578945229885,left,4
S03,S03::T04,B,1.2,0.41432099901110075,0.3436580905276909,3.7246022944548978,3.734030017745735,3.7120829334781202,center,4
S03,S03::T04,B,1.2166666666666666,0.4305626368893224,0.44512463301797034,3.7390429861372136,3.7263939488010047,3.7213346342663978,center,4
S03,S03::T04,B,1.2333333333333334,0.40193533019137867,0.36409706196211944,3.724055518214864,3.763506742566942,3.7221641493110043,center,4
S03,S03::T04,B,1.25,0.4230383762890565,0.3487586532753734,3.7984078014180915,3.7464257096726468,3.778708801519262,center,4
S03,S03::T04,B,1.2666666666666666,0.3435142930102934,0.3630781678237634,3.71078324847157,3.668466877509202,3.6949283990855823,left,4
S03,S03::T04,B,1.2833333333333334,0.32909300151872506,0.3604862848878768,3.7621844671897393,3.761685379944485,3.7413164564746317,left,4
S03,S03::T04,B,1.3,0.3414087458838104,0.32695610452764134,3.7871590915042805,3.7266590883211115,3.7217053992475067,left,4
S03,S03::T04,B,1.3166666666666667,0.3840134133821724,0.3514481410310095,3.7478428175873555,3.745679833976996,3.751580151862362,left,4
S03,S03::T04,B,1.3333333333333333,0.33326035179411173,0.30197936050519575,3.736770542728707,3.7346233833754447,3.7202781330406545,left,4
S03,S03::T04,B,1.35,0.3025345123185957,0.42710551230638577,3.7458542508676644,3.7644494668599657,3.732501105705535,left,4
S03,S03::T04,B,1.3666666666666667,0.3648861977940136,0.40694884957116084,3.7614444232760857,3.7114975136322994,3.7468810516626,left,4
S03,S03::T04,B,1.3833333333333333,0.3126874254399495,0.3673663804387286,3.7324948476224478,3.74699472086343,3.7424951321346493,left,4
S03,S03::T04,B,1.4,0.30471911127951257,0.3620444318906196,3.751477666242544,3.710762092061393,3.7382699716849723,left,4
S03,S03::T04,B,1.4166666666666667,0.2814561854128813,0.4396226546924735,3.7154053617429303,3.6778379206738836,3.6856124970819764,left,4
S03,S03::T04,B,1.4333333333333333,0.3421974032526133,0.3572074839216494,3.7134855436609926,3.71174735133504,3.6887023185144447,left,4
S03,S03::T04,B,1.45,0.32656110532624316,0.42772101292505743,3.633897959715702,3.666781617092033,3.6483676634022477,left,4
S03,S03::T04,B,1.4666666666666666,0.3544682633246605,0.4443622752306329,3.7597161734530005,3.733872066976201,3.728468605455334,left,4
S03,S03::T04,B,1.4833333333333334,0.3078892350754092,0.42637435457345024,3.652309585084078,3.6067840313788846,3.634153508138661,left,4
S04,S04::T01,A,0.0,0.4610712869371579,0.6864691280397069,3.4330568040150857,3.502147080775476,3.4576637889411717,center,1
S04,S04::T01,A,0.016666666666666666,0.5267769753345752,0.6278064618027963,3.5223868993565532,3.4691857757963547,3.499110847129048,center,1
S04,S04::T01,A,0.03333333333333333,0.45690339190727575,0.6033606130431483,3.557304658944334,3.5112953576360773,3.564384987034163,center,1
S04,S04::T01,A,0.05,0.5087427191461376,0.6377572341021679,3.5072895118057055,3.5252323333538915,3.5261486726467934,center,1
S04,S04::T01,A,0.06666666666666667,0.5364147173040508,0.6261572927396853,3.5116845059356185,3.494519755549317,3.503114782968334,center,1
S04,S04::T01,A,0.08333333333333333,0.5723804613415825,0.5839037323281218,3.4605791002554844,3.442761833970677,3.454569660107473,center,1
S04,S04::T01,A,0.1,0.6062720136714713,0.6167954860160574,3.4492765599200417,3.4384273775908536,3.437745507000677,right,1
S04,S04::T01,A,0.11666666666666667,0.6012745000276384,0.6829456506387429,3.5443262100340323,3.552850680399783,3.528444260301278,right,1
S04,S04::T01,A,0.13333333333333333,0.5307519757801189,0.6287322886473716,3.502410427848297,3.477756820742949,3.48294770438576,center,1
S04,S04::T01,A,0.15,0.5723167295710824,0.559332141401255,3.407149973779667,3.46299357822571,3.449727507261623,center,1
S04,S04::T01,A,0.16666666666666666,0.6072870252110973,0.6015204200733051,3.507965403176221,3.5632070430262015,3.5428746680056906,right,1
S04,S04::T01,A,0.18333333333333332,0.5861437782899299,0.6214168391011832,3.5421141484786056,3.537507520172304,3.5115970026398533,center,1
S04,S04::T01,A,0.2,0.623096662232817,0.6023162562466843,3.5285592580827734,3.5247799621479348,3.496838124205784,right,1
S04,S04::T01,A,0.21666666666666667,0.5803419660631801,0.653416251429702,3.5901481474316075,3.579315634358267,3.611027486706071,center,1
S04,S04::T01,A,0.23333333333333334,0.5891019669460158,0.5858972684628541,3.4250336405078428,3.4828267274273528,3.47965059564806,center,1
S04,S04::T01,A,0.25,0.7230994761341872,0.6552290656383918,3.592019209040536,3.589070047240496,3.579904147831575,right,1
S04,S04::T01,A,0.26666666666666666,0.6202268527154707,0.5732743042022086,3.5327496085120105,3.55886067680564,3.5338101249793787,right,1
S04,S04::T01,A,0.2833333333333333,0.6390981262615817,0.5918904674321511,3.5638761652835593,3.516107786609242,3.555866522684581,right,1
S04,S04::T01,A,0.3,0.6869689890372528,0.6298703682842517,3.5051467713665083,3.571121337569843,3.5397274354550294,right,1
S04,S04::T01,A,0.31666666666666665,0.6532907595582151,0.5291124872101777,3.6098081341583437,3.5603454081221186,3.59650036391073,right,1
S04,S04::T01,A,0.3333333333333333,0.7061896764353222,0.5501954509349203,3.6680367402656127,3.6251629141988495,3.6352398716227214,right,1
S04,S04::T01,A,0.35,0.7531604386479309,0.5974804428810309,3.5002831261744656,3.4593512260868238,3.470001464241798,right,1
S04,S04::T01,A,0.36666666666666664,0.6773207355242654,0.6257117702032484,3.6570325480843544,3.647445089823026,3.6275898152820876,right,1
S04,S04::T01,A,0.38333333333333336,0.7779343064270083,0.5460606921205381,3.5342218814203332,3.533859241573599,3.5451038436016713,right,1
S04,S04::T01,A,0.4,0.6598865236102558,0.5848973861047231,3.6245827444985883,3.599814851799201,3.5904008032846986,right,1
S04,S04::T01,A,0.4166666666666667,0.5930408461131146,0.5205021564391572,3.56711348265051,3.569918191081407,3.5941043117099705,center,1
S04,S04::T01,A,0.43333333333333335,0.6916897554073762,0.5753762196055456,3.5410009819683053,3.549040034721605,3.553147562146999,right,1
S04,S04::T01,A,0.45,0.7013938279627957,0.6070273454956006,3.5287296518960583,3.6022587437851934,3.5591347090359107,right,1
S04,S04::T01,A,0.4666666666666667,0.6381448451830879,0.5369451832785861,3.59016718128112,3.5876918636271093,3.6137001648165605,right,1
S04,S04::T01,A,0.48333333333333334,0.6359018051255383,0.5264317458105655,3.5287683850867544,3.570803577073602,3.5750551090072378,right,1
S04,S04::T01,A,0.5,0.6520544669839631,0.583278394707057,3.655144561703544,3.681214351986779,3.662873784725052,right,1
S04,S04::T01,A,0.5166666666666667,0.6239956875937959,0.5574265646581843,3.5287909474359984,3.539698488757241,3.5409318726432657,right,1
S04,S04::T01,A,0.5333333333333333,0.6816179732422832,0.5629976396738655,3.626085321988955,3.6299628842718756,3.6301421379210645,right,1
S04,S04::T01,A,0.55,0.6560999034674938,0.5645093770490706,3.723581348362715,3.717028846678732,3.7336128058710942,right,1
S04,S04::T01,A,0.5666666666666667,0.7390744910502861,0.5148870632365473,3.6556687758423365,3.678747244568707,3.6509656236091805,right,1
S04,S04::T01,A,0.5833333333333334,0.7152397324771629,0.5482368901004715,3.6786233169961062,3.5880633658066605,3.6151526881382465,right,1
S04,S04::T01,A,0.6,0.665455427976708,0.5716361483010763,3.653674895996693,3.6731739676164072,3.6765311802039005,right,1
S04,S04::T01,A,0.6166666666666667,0.6634839925864237,0.490438767663515,3.6524420312344654,3.6367609126061504,3.630600590570649,right,1
S04,S04::T01,A,0.6333333333333333,0.7165632584639792,0.5294984580839905,3.7315765117845587,3.7683321648900927,3.7469835597065155,right,1
S04,S04::T01,A,0.65,0.6909880008804624,0.4786795157927573,3.682232755068806,3.706488194823206,3.715795670050984,right,1
S04,S04::T01,A,0.6666666666666666,0.6061611038059652,0.5390109385151498,3.6816190772587962,3.6771189369062167,3.702362497197926,right,1
S04,S04::T01,A,0.6833333333333333,0.6601084384853566,0.503068824250906,3.7331814451150107,3.749934120081261,3.766608021371052,right,1
S04,S04::T01,A,0.7,0.6635053377770797,0.43338139629097255,3.7085391637151353,3.6877125778207045,3.7262656892157513,right,1
S04,S04::T01,A,0.7166666666666667,0.6500077712878194,0.48014749533237167,3.6570015114804115,3.674922847704012,3.6946881420621365,right,1
S04,S04::T01,A,0.7333333333333333,0.6696005441223937,0.4502914830441017,3.7335933596298196,3.691769852259638,3.7219220321488145,right,1
S04,S04::T01,A,0.75,0.6141232862548719,0.4928027219391502,3.707763919878085,3.6985652433979137,3.698875490305644,right,1
S04,S04::T01,A,0.7666666666666667,0.5608334816194676,0.4531616482742598,3.6939083413879095,3.6405730859584824,3.6825366162452746,center,1
S04,S04::T01,A,0.7833333333333333,0.652888191620894,0.4503688211569212,3.7637840626606316,3.801173269742498,3.7864146134415804,right,1
S04,S04::T01,A,0.8,0.5720438791381844,0.47252709255735365,3.759208470163376,3.6940606830732188,3.7107159124058198,center,1
S04,S04::T01,A,0.8166666666666667,0.5845440871618498,0.42906294729941813,3.669276923956002,3.7198503081798027,3.7128998263216246,center,1
S04,S04::T01,A,0.8333333333333334,0.6016427340341834,0.3457977852453899,3.8363635569445576,3.805501626792345,3.801680925179441,right,1
S04,S04::T01,A,0.85,0.53511485699157,0.41754868123696326,3.647398231774937,3.6477078516027692,3.665055265850472,center,1
S04,S04::T01,A,0.8666666666666667,0.5699010365696935,0.41148356871600866,3.717034319705863,3.7542195493112143,3.6919106611542696,center,1
S04,S04::T01,A,0.8833333333333333,0.5289777001197938,0.4807825809361479,3.7384394748617717,3.7188286754578885,3.7031949515445075,center,1
S04,S04::T01,A,0.9,0.5334225009270733,0.3672155764017708,3.836966907257472,3.8223922200132683,3.8250029923725664,center,1
S04,S04::T01,A,0.9166666666666666,0.5124548923368738,0.482018826987479,3.7163249448081523,3.709894133196413,3.7130819719957255,center,1
S04,S04::T01,A,0.9333333333333333,0.4966244489395588,0.4216246963948965,3.680620207541802,3.6661004175770473,3.7266282149436663,center,1
S04,S04::T01,A,0.95,0.5581392978722027,0.4273624823531951,3.7234991813742346,3.7071459084850056,3.7117261575516953,center,1
S04,S04::T01,A,0.9666666666666667,0.5431821351641457,0.40379293952898804,3.6077608486338626,3.629270236530977,3.625198197277399,center,1
S04,S04::T01,A,0.9833333333333333,0.514173546667785,0.4000816721998904,3.7165977249471354,3.6859811365261974,3.7124522065170553,center,1
S04,S04::T01,A,1.0,0.480221497258433,0.3832653629877091,3.700473861449929,3.7495621358094007,3.7313225903472502,center,1
S04,S04::T01,A,1.0166666666666666,0.4482941309488983,0.4707110673587981,3.7469267747644652,3.7749631415620852,3.772474144526081,center,1
S04,S04::T01,A,1.0333333333333334,0.39300781340534824,0.3733510127426394,3.648765950257995,3.639672244059238,3.6485619315433944,left,1
S04,S04::T01,A,1.05,0.4515802654782496,0.41122899238792665,3.6784106402573915,3.683359650097329,3.6860242754992716,center,1
S04,S04::T01,A,1.0666666666666667,0.4507478202119619,0.3996656622342606,3.691837189439376,3.664577990103232,3.6952176942370416,center,1
S04,S04::T01,A,1.0833333333333333,0.4641664833964201,0.3918981202797923,3.628262781924773,3.649733858911225,3.634572047085701,center,1
S04,S04::T01,A,1.1,0.47711079595021755,0.42343848241689996,3.7859313169622517,3.781466338728348,3.746763900267683,center,1
S04,S04::T01,A,1.1166666666666667,0.4334983000483568,0.40600049208135414,3.666009534019148,3.751996948890452,3.7279969952092906,center,1
S04,S04::T01,A,1.1333333333333333,0.42931561302995164,0.3242693661260573,3.6885713867471743,3.6613356549892564,3.6894514264871328,center,1
S04,S04::T01,A,1.15,0.39606977424430484,0.3258308021950263,3.511152348098777,3.54926340987284,3.517575328462728,left,1
S04,S04::T01,A,1.1666666666666667,0.4042957140202565,0.36500840630721304,3.573586119737117,3.5580393834349975,3.569726115892575,center,1
S04,S04::T01,A,1.1833333333333333,0.42013448828193223,0.4308494037857212,3.6028848815619976,3.617291889294009,3.6230902598295662,center,1
S04,S04::T01,A,1.2,0.3613000264577428,0.4477637253459503,3.5661043181432626,3.548921083409779,3.574437085891389,left,1
S04,S04::T01,A,1.2166666666666666,0.3844669961654321,0.36813306847378474,3.4180911714334195,3.4346290653243856,3.4603475502824885,left,1
S04,S04::T01,A,1.2333333333333334,0.38151671257310754,0.3825791452798831,3.575031640757882,3.5113704471678098,3.5694340120382853,left,1
S04,S04::T01,A,1.25,0.3394686719076832,0.3409613762868296,3.6444896337936497,3.729561012485147,3.670883840354302,left,1
S04,S04::T01,A,1.2666666666666666,0.32710369693403984,0.39207035737566837,3.655050997987297,3.689437174409509,3.6427861617727495,left,1
S04,S04::T01,A,1.2833333333333334,0.4076060406742813,0.3914427812365314,3.6151371451950993,3.6158773431002396,3.590348014156882,center,1
S04,S04::T01,A,1.3,0.382218552929733,0.35932553603316353,3.5578563528999663,3.52512612553975,3.5396663089111557,left,1
S04,S04::T01,A,1.3166666666666667,0.3368243643040646,0.3781140564436218,3.5360414182144617,3.568593586673076,3.5308688759407874,left,1
S04,S04::T01,A,1.3333333333333333,0.34251788034101704,0.39995845463759744,3.5509536992326036,3.5363851908294035,3.5445376186584605,left,1
S04,S04::T01,A,1.35,0.36699389402523347,0.44399276189457537,3.4916677667240434,3.5304525540987064,3.4939981036903136,left,1
S04,S04::T01,A,1.3666666666666667,0.3003626618711808,0.45286644374120955,3.458748040059066,3.539499836227637,3.4923593311899785,left,1
S04,S04::T01,A,1.3833333333333333,0.3306323742207251,0.47784561181127067,3.521358811898408,3.523231061569991,3.528761927610561,left,1
S04,S04::T01,A,1.4,0.358254875965826,0.3671252954779267,3.6262814106531867,3.6425322476467654,3.6390771053663915,left,1
S04,S04::T01,A,1.4166666666666667,0.297189992903861,0.31308203656074207,3.550191509671408,3.5582905200073744,3.5485140363778798,left,1
S04,S04::T01,A,1.4333333333333333,0.33165039077286085,0.39628358393633667,3.5163690732293813,3.4981674522198114,3.5275942956617268,left,1
S04,S04::T01,A,1.45,0.25398487214824383,0.35533583178872263,3.558721547036783,3.549823535656404,3.5762285698103273,left,1
S04,S04::T01,A,1.4666666666666666,0.3233683116366813,0.4156126021745393,3.572761173796937,3.620534674853542,3.6102050141127884,left,1
S04,S04::T01,A,1.4833333333333334,0.3157513924377431,0.38835088334879336,3.5895297804852575,3.5318681216752674,3.578946860298724,left,1
S04,S04::T02,B,0.0,0.4568213037196801,0.6598155988375379,3.7483151598127677,3.766681189476697,3.745775050633758,center,2
S04,S04::T02,B,0.016666666666666666,0.5445615542750079,0.6472725681355894,3.6478063103868577,3.591937224210773,3.6278082909786593,center,2
S04,S04::T02,B,0.03333333333333333,0.5370982308366117,0.6709535076692351,3.6673731434509116,3.638383409582539,3.6556425161328314,center,2
S04,S04::T02,B,0.05,0.5714486655896212,0.7020713661793985,3.763731858950649,3.7416681953099293,3.7339570729519456,center,2
S04,S04::T02,B,0.06666666666666667,0.503990033955513,0.6128437197744397,3.787749169924945,3.8247539732454836,3.7621579482887455,center,2
S04,S04::T02,B,0.08333333333333333,0.46160410755495496,0.6890929649222525,3.7822652141449478,3.69582368594688,3.750054928594966,center,2
S04,S04::T02,B,0.1,0.49261990430866365,0.6732304933675671,3.5908070220509094,3.621073921901991,3.619521759402679,center,2
S04,S04::T02,B,0.11666666666666667,0.5743569964874629,0.6250203413892746,3.5915702656841977,3.586701896051277,3.5821363389301277,center,2
S04,S04::T02,B,0.13333333333333333,0.524440110596435,0.6662942830941457,3.594230137406984,3.6177280769840654,3.5945421295316575,center,2
S04,S04::T02,B,0.15,0.6323381994692662,0.6502425353819006,3.620115509753321,3.6509626720431796,3.6391417307116827,right,2
S04,S04::T02,B,0.16666666666666666,0.5885486521275669,0.6717469453192315,3.653564079579166,3.691175183418744,3.662890897930738,center,2
S04,S04::T02,B,0.18333333333333332,0.6116386903257681,0.5180590814760531,3.724828044528307,3.692641805744423,3.718290679289227,right,2
S04,S04::T02,B,0.2,0.6265651589139664,0.5728271709435457,3.551947528781756,3.6291746814918513,3.577548805257324,right,2
S04,S04::T02,B,0.21666666666666667,0.6505326339817803,0.5565396705134307,3.6217440012651405,3.62481345746493,3.6041558796210476,right,2
S04,S04::T02,B,0.23333333333333334,0.6235426609203555,0.6110493365109325,3.6985694742801147,3.701248455704354,3.7099675173944187,right,2
S04,S04::T02,B,0.25,0.6398429820542504,0.6070486393022687,3.6461662576659366,3.71923316708708,3.6987836309678452,right,2
S04,S04::T02,B,0.26666666666666666,0.5656746772141611,0.54949890796527,3.678459153955966,3.7082553387002872,3.6778927995597606,center,2
S04,S04::T02,B,0.2833333333333333,0.5981910134330426,0.5670422682098583,3.8483825479398055,3.8171997079597113,3.8133669605372598,center,2
S04,S04::T02,B,0.3,0.6599827657594284,0.5929352691806888,3.6570902712210724,3.674313380755656,3.6456381056313423,right,2
S04,S04::T02,B,0.31666666666666665,0.6546877969627392,0.5785485047336566,3.7579683929849663,3.790071515306841,3.766974660653534,right,2
S04,S04::T02,B,0.3333333333333333,0.6407196932278548,0.5806029996929566,3.6794853482111907,3.741355655280294,3.726264257778011,right,2
S04,S04::T02,B,0.35,0.6315677620162511,0.561948138969881,3.6974734137043184,3.7081739273841334,3.703994111225365,right,2
S04,S04::T02,B,0.36666666666666664,0.6879687104839133,0.5294757553556731,3.6543362728264244,3.659282053221268,3.6801992952555387,right,2
S04,S04::T02,B,0.38333333333333336,0.6745032495197416,0.5903784436608028,3.616393996690463,3.6313967236672,3.63200665127071,right,2
S04,S04::T02,B,0.4,0.6563421203237844,0.5166614364600287,3.6436385930149644,3.626601401450704,3.664653934543703,right,2
S04,S04::T02,B,0.4166666666666667,0.7447376160235158,0.5883871576667655,3.7799594666550056,3.744664866031505,3.729258038501791,right,2
S04,S04::T02,B,0.43333333333333335,0.6642737224195013,0.5636006727821202,3.6833870190272466,3.6976371501928975,3.707135193837686,right,2
S04,S04::T02,B,0.45,0.651160637838181,0.5844285371360917,3.717349914924472,3.7309376667272764,3.720064942320531,right,2
S04,S04::T02,B,0.4666666666666667,0.7210293117191516,0.5784159671393766,3.7434015961986082,3.7493128939787344,3.7679859951562933,right,2
S04,S04::T02,B,0.48333333333333334,0.6449145080013701,0.4879284250979611,3.880887273581337,3.92995133458464,3.862447703252848,right,2
S04,S04::T02,B,0.5,0.6538805702798173,0.49320956265714727,3.843761078751527,3.826371582399671,3.8254759007613783,right,2
S04,S04::T02,B,0.5166666666666667,0.69144793108843,0.4455232121324094,3.774085085487926,3.8229264211519616,3.8074867314510086,right,2
S04,S04::T02,B,0.5333333333333333,0.7374180967021632,0.4743449262138986,3.727497026809111,3.779396771015392,3.7546454895460855,right,2
S04,S04::T02,B,0.55,0.6605996697723473,0.48230823419791735,3.806060075527409,3.7921220288631683,3.8105308056568394,right,2
S04,S04::T02,B,0.5666666666666667,0.6015670531825866,0.5469337342453008,3.884723624847781,3.8490246809589626,3.8535209434526663,right,2
S04,S04::T02,B,0.5833333333333334,0.7141356058920462,0.5305480332788073,3.7844076660728807,3.8011417873018525,3.8005985527146344,right,2
S04,S04::T02,B,0.6,0.669388739060905,0.44344301378110673,3.940517930184724,3.894783175815548,3.883398764676985,right,2
S04,S04::T02,B,0.6166666666666667,0.7013511393612345,0.5279642195725036,3.8695943214940876,3.8196249395093087,3.8643093745518327,right,2
S04,S04::T02,B,0.6333333333333333,0.6813480382567175,0.4747032756106803,3.9520363671582075,3.875611407674625,3.909232587260313,right,2
S04,S04::T02,B,0.65,0.7051883275552768,0.4982623330371198,4.0656677157917445,4.056938290181412,4.06297212225671,right,2
S04,S04::T02,B,0.6666666666666666,0.6591821409662356,0.48800019186507854,3.906903752931303,3.9075233513399312,3.9074094240125525,right,2
S04,S04::T02,B,0.6833333333333333,0.5857728013252037,0.47154393367597897,3.888491081826347,3.9204469856381685,3.924848650630543,center,2
S04,S04::T02,B,0.7,0.6415725892741934,0.5191844313790333,3.860111576911193,3.853564174901433,3.8854629295287477,right,2
S04,S04::T02,B,0.7166666666666667,0.6941433982121356,0.4190865739376063,3.9552129835942527,3.9874021977342786,3.961857920009806,right,2
S04,S04::T02,B,0.7333333333333333,0.6954524435712582,0.4873947218144921,3.8803131596283764,3.853513724758289,3.8733426741067722,right,2
S04,S04::T02,B,0.75,0.6690048131270069,0.5108859131672595,3.9538719751309914,3.9732672946208445,3.9293281062333807,right,2
S04,S04::T02,B,0.7666666666666667,0.6276182649712809,0.4439005339392356,3.7763053839135363,3.7753576395304447,3.8114623939012526,right,2
S04,S04::T02,B,0.7833333333333333,0.573456505226596,0.430811922684933,4.077106940313757,4.016566292088918,4.032431725310825,center,2
S04,S04::T02,B,0.8,0.659987081441417,0.41383920539503466,4.013546873313061,3.9729607697694873,3.991655134123964,right,2
S04,S04::T02,B,0.8166666666666667,0.5607599305767121,0.4514353946097786,3.8736254370824033,3.8813308947066156,3.864461355874247,center,2
S04,S04::T02,B,0.8333333333333334,0.5898519284346175,0.45146405874269324,3.986334185740253,4.051926474739204,4.021060904672255,center,2
S04,S04::T02,B,0.85,0.5721785289009271,0.44567159180357696,3.92035050338796,3.9394581446078476,3.9394861830224994,center,2
S04,S04::T02,B,0.8666666666666667,0.5906285031443347,0.3517834208852436,3.9478472332107093,3.969633302157326,3.9586943232107688,center,2
S04,S04::T02,B,0.8833333333333333,0.5849605335749353,0.4849319914052574,3.938836341787499,3.903348057614257,3.9251132075969437,center,2
S04,S04::T02,B,0.9,0.6560463248455365,0.45414235719285845,3.924796054651633,3.887966220634659,3.8946327212063823,right,2
S04,S04::T02,B,0.9166666666666666,0.6003099857066343,0.41260003467646905,3.9623170977393047,3.969276149040212,3.9524986266733997,right,2
S04,S04::T02,B,0.9333333333333333,0.5340510682330757,0.43465451771074204,3.8621760434702725,3.8711428483896215,3.8710778808342345,center,2
S04,S04::T02,B,0.95,0.5173552231667651,0.36374337586472555,3.8416281624715753,3.784068292655097,3.819429381155019,center,2
S04,S04::T02,B,0.9666666666666667,0.47591553990366486,0.4228262572149689,3.9496244405691443,4.0098823040952585,3.9562110416156497,center,2
S04,S04::T02,B,0.9833333333333333,0.5365775258576817,0.37901312112773,3.8482193022839417,3.904284039781977,3.863097875231178,center,2
S04,S04::T02,B,1.0,0.4359763959024554,0.4155521717241701,3.9438024601684574,3.9424175964549075,3.9120429691874703,center,2
S04,S04::T02,B,1.0166666666666666,0.4357108371087202,0.36165334014501577,3.8704850714317005,3.8427611588393082,3.8450348094710334,center,2
S04,S04::T02,B,1.0333333333333334,0.47664113315019324,0.38008370462044966,3.899430304085883,3.9316084352783673,3.8911824315676844,center,2
S04,S04::T02,B,1.05,0.4789109131126019,0.41195699827039856,3.6866881220323404,3.760032226188022,3.7239048329642594,center,2
S04,S04::T02,B,1.0666666666666667,0.44681512535519907,0.371940861083654,3.858161324367062,3.9091661667456608,3.8643965447809405,center,2
S04,S04::T02,B,1.0833333333333333,0.4763309119116087,0.39547501538173635,3.878161518157175,3.855453469719714,3.8347603583822916,center,2
S04,S04::T02,B,1.1,0.4285249640336178,0.38419249448663656,3.7740177071124297,3.7315821880192757,3.746901084041781,center,2
S04,S04::T02,B,1.1166666666666667,0.4863503886818977,0.43185264594433415,3.850312143919193,3.842864642421715,3.830191816582459,center,2
S04,S04::T02,B,1.1333333333333333,0.442620964441068,0.4131552069665959,3.8438786822375666,3.861870481389069,3.8210223569670014,center,2
S04,S04::T02,B,1.15,0.40382006858683783,0.38995464955599846,3.775987363087772,3.7600954581564947,3.776158422889712,center,2
S04,S04::T02,B,1.1666666666666667,0.37686305921522123,0.4625317773463281,3.8118141199260926,3.819731353313101,3.812500793779872,left,2
S04,S04::T02,B,1.1833333333333333,0.4656710926605973,0.393755831540613,3.7000242394811953,3.720890614959456,3.7091250779572267,center,2
S04,S04::T02,B,1.2,0.3772921164284446,0.35940089480536996,3.7015076415904464,3.6845895726162725,3.689533210449973,left,2
S04,S04::T02,B,1.2166666666666666,0.3307809284592903,0.44181980224091083,3.6858492965799017,3.628045303336578,3.650457276200491,left,2
S04,S04::T02,B,1.2333333333333334,0.4026302160339576,0.3661377615400682,3.784546624547844,3.775317307728498,3.7649980905533007,center,2
S04,S04::T02,B,1.25,0.3514381239323063,0.3666642486527324,3.7317406447973878,3.754782340532918,3.740541882957489,left,2
S04,S04::T02,B,1.2666666666666666,0.45047406768943815,0.3443256185720068,3.5661424591904165,3.630190822469731,3.620566155912229,center,2
S04,S04::T02,B,1.2833333333333334,0.34124905396106175,0.3747770733679214,3.769638266342109,3.754815820841821,3.7566047643765277,left,2
S04,S04::T02,B,1.3,0.30580882868089343,0.40658394602670195,3.7661120696138943,3.7427394513462438,3.7665342621876867,left,2
S04,S04::T02,B,1.3166666666666667,0.29377134906191077,0.31788179513817455,3.7965156560591526,3.7978076133837364,3.82724039410347,left,2
S04,S04::T02,B,1.3333333333333333,0.2731459866244948,0.37780171649491223,3.696500954106953,3.660268749533934,3.702778575923717,left,2
S04,S04::T02,B,1.35,0.3655799131947073,0.32688821344911606,3.776688262452696,3.8189161340556987,3.7961745896204846,left,2
S04,S04::T02,B,1.3666666666666667,0.40320492370645333,0.4320158679977487,3.5943816103321775,3.570245022461128,3.604425377748388,center,2
S04,S04::T02,B,1.3833333333333333,0.3409532674681465,0.38687111293385845,3.8016847132102467,3.7528193354955928,3.7696870370802773,left,2
S04,S04::T02,B,1.4,0.3185719816483589,0.4365552816803636,3.727396241398937,3.728261921197448,3.7532147256213158,left,2
S04,S04::T02,B,1.4166666666666667,0.2873703193059847,0.3856163384378162,3.7041756977477647,3.6776960226368125,3.677534629786544,left,2
S04,S04::T02,B,1.4333333333333333,0.3517313540538887,0.3315872379993419,3.735626461994879,3.752990102691729,3.738506502144885,left,2
S04,S04::T02,B,1.45,0.27704884467033913,0.3775831676691479,3.5580504340735217,3.5651262853791756,3.560432515925532,left,2
S04,S04::T02,B,1.4666666666666666,0.30018266170259045,0.5169705626506799,3.6709956161599067,3.7018097229983113,3.6932639059199093,left,2
S04,S04::T02,B,1.4833333333333334,0.3085863567111487,0.40020202426668866,3.6856959497564556,3.7129402897372925,3.7112568886623998,left,2
S04,S04::T03,A,0.0,0.44081055373513267,0.579917580197696,3.582788151679746,3.548360256699843,3.549792021206229,center,3
S04,S04::T03,A,0.016666666666666666,0.5166379249038278,0.5814720265787324,3.573217020743458,3.5343721183815346,3.556677905955012,center,3
S04,S04::T03,A,0.03333333333333333,0.5575933980645023,0.6256020701689811,3.447172527853341,3.475437551479213,3.476816666575859,center,3
S04,S04::T03,A,0.05,0.5425119841158148,0.6229490569074524,3.5300056511031794,3.578951610501243,3.536417927163412,center,3
S04,S04::T03,A,0.06666666666666667,0.5352485699897189,0.5747107507096357,3.5285980712732585,3.5462124543875415,3.5111644200259393,center,3
S04,S04::T03,A,0.08333333333333333,0.5445872279923368,0.6098069188064078,3.419703833903937,3.4309202861815282,3.4099330014518854,center,3
S04,S04::T03,A,0.1,0.5454775194280271,0.5776983859254368,3.449971027897912,3.4737623685018018,3.4569092773705767,center,3
S04,S04::T03,A,0.11666666666666667,0.47978386580152527,0.6389497861014937,3.4491686535374466,3.449787739536743,3.462185378629927,center,3
S04,S04::T03,A,0.13333333333333333,0.6048951107528985,0.6401104575661901,3.3891227512361746,3.457402975756981,3.447829229542815,right,3
S04,S04::T03,A,0.15,0.5988668422238601,0.6502982259329725,3.483236388544589,3.4775428724798036,3.460735978937585,center,3
S04,S04::T03,A,0.16666666666666666,0.5560930853069551,0.598970828980528,3.5882340964894825,3.5706030638513884,3.581604019721656,center,3
S04,S04::T03,A,0.18333333333333332,0.5950015866749389,0.5856288824453636,3.4121750990101822,3.441233718978561,3.4703776518223632,center,3
S04,S04::T03,A,0.2,0.6474101493287667,0.6039474194290921,3.5391755779301812,3.559937672013482,3.5424277860802516,right,3
S04,S04::T03,A,0.21666666666666667,0.5695246181855512,0.5836641004247681,3.647836866052887,3.646015796971803,3.6175636015580883,center,3
S04,S04::T03,A,0.23333333333333334,0.6205889602222875,0.5993745486030507,3.4955302137276365,3.506747572147729,3.511955150322979,right,3
S04,S04::T03,A,0.25,0.6478580066594304,0.5781327389574414,3.459177060555441,3.4450781550071534,3.4912384755702734,right,3
S04,S04::T03,A,0.26666666666666666,0.6069247307792023,0.5517615179079964,3.5229610133441738,3.524395411558998,3.544248642313367,right,3
S04,S04::T03,A,0.2833333333333333,0.6592323954784087,0.5992872017366764,3.3980586604523655,3.440403166679213,3.420503237725073,right,3
S04,S04::T03,A,0.3,0.6137900742843854,0.6163978717494956,3.5204299512241577,3.463149029454918,3.483299642529083,right,3
S04,S04::T03,A,0.31666666666666665,0.6914857629353804,0.6067342278289007,3.5873320391059087,3.502533962681913,3.545054051948242,right,3
S04,S04::T03,A,0.3333333333333333,0.6417578184706324,0.5380403069422794,3.4204132182078233,3.4244006541545966,3.409773049880899,right,3
S04,S04::T03,A,0.35,0.6302048742514191,0.6225233665118528,3.5879900278981416,3.647679418066978,3.6228958832890554,right,3
S04,S04::T03,A,0.36666666666666664,0.6748069694578056,0.5122076782569648,3.5777464971450263,3.593878209311708,3.5872016385847454,right,3
S04,S04::T03,A,0.38333333333333336,0.6049752035286637,0.544501313942732,3.665421332026169,3.6537870374673,3.636883567898883,right,3
S04,S04::T03,A,0.4,0.6642529399628491,0.5677225480086676,3.5287002332196056,3.5385985206989914,3.539945377009103,right,3
S04,S04::T03,A,0.4166666666666667,0.6670035240725528,0.5613258302866311,3.614686383136988,3.527900500373893,3.5711166666010867,right,3
S04,S04::T03,A,0.43333333333333335,0.745454900261034,0.544852316959554,3.663292332216549,3.6636044875518197,3.639550476483774,right,3
S04,S04::T03,A,0.45,0.6986560051183549,0.5336404388397933,3.750350240810849,3.7366861505721527,3.7030920799245544,right,3
S04,S04::T03,A,0.4666666666666667,0.7178402550351373,0.5325061631393817,3.6172978273196965,3.6706252615720225,3.6555247625891485,right,3
S04,S04::T03,A,0.48333333333333334,0.6529008979914162,0.5773310636422331,3.6506655531932033,3.6627844548988744,3.641384848555627,right,3
S04,S04::T03,A,0.5,0.6397749779235534,0.5748415063332112,3.7694637857773863,3.7325921650284264,3.723547794264248,right,3
S04,S04::T03,A,0.5166666666666667,0.6263512029710849,0.5360284080823144,3.679008231795738,3.678641759845167,3.683706050390961,right,3
S04,S04::T03,A,0.5333333333333333,0.7027206720689076,0.49166772041828294,3.5435101711736854,3.4900081229200364,3.5160869644472235,right,3
S04,S04::T03,A,0.55,0.643294930469916,0.5443699516410246,3.686793080168851,3.6792893625425003,3.669947111119,right,3
S04,S04::T03,A,0.5666666666666667,0.6298045967797019,0.5677337588881493,3.6244960181492516,3.682009437487818,3.669439647501493,right,3
S04,S04::T03,A,0.5833333333333334,0.7101650373380479,0.5377573454135139,3.6825136394359625,3.760218211447389,3.7100965855375634,right,3
S04,S04::T03,A,0.6,0.7042150086252632,0.4842851483520715,3.6959550777472856,3.743655587621701,3.7189712562227824,right,3
S04,S04::T03,A,0.6166666666666667,0.6520835306122251,0.489321712957449,3.6687578363252076,3.6487569027143865,3.6748503968443123,right,3
S04,S04::T03,A,0.6333333333333333,0.6511025760031028,0.5452901998085018,3.720116336239003,3.6761855834452115,3.708929037972679,right,3
S04,S04::T03,A,0.65,0.6544227585049233,0.5031072889505399,3.6454839526450926,3.686062953640881,3.6504445244204375,right,3
S04,S04::T03,A,0.6666666666666666,0.6271352546235925,0.45197284257797754,3.751435958203182,3.8155820821872672,3.7598361573626793,right,3
S04,S04::T03,A,0.6833333333333333,0.6171554197589224,0.5269769970037874,3.7523828716884995,3.6876634700921453,3.7255015592990093,right,3
S04,S04::T03,A,0.7,0.6508335456775228,0.4597722381132662,3.7805775173635334,3.768099884794593,3.7251877384952925,right,3
S04,S04::T03,A,0.7166666666666667,0.6391786889174079,0.532798759204741,3.7682676385291645,3.8100010403020184,3.8172433736238522,right,3
S04,S04::T03,A,0.7333333333333333,0.6024150031136171,0.5539767850842617,3.8218153418353427,3.7735803942242727,3.7754391963523988,right,3
S04,S04::T03,A,0.75,0.6605143925820988,0.5186849120680751,3.793450966527054,3.769799237807621,3.7923029056254656,right,3
S04,S04::T03,A,0.7666666666666667,0.691522842374204,0.48727277515922346,3.743529852954318,3.755595881479058,3.7422451685624702,right,3
S04,S04::T03,A,0.7833333333333333,0.5792688267115963,0.45685657474471486,3.7724049426211113,3.70753754558655,3.7241158081338654,center,3
S04,S04::T03,A,0.8,0.5955841363558971,0.4013505506517239,3.7625429900184306,3.8019971948117397,3.7585906758372243,center,3
S04,S04::T03,A,0.8166666666666667,0.5204892505838022,0.4215474952300725,3.782305217369494,3.7363608542526308,3.767516854636966,center,3
S04,S04::T03,A,0.8333333333333334,0.6256974225509774,0.40204434771401787,3.7762707235760438,3.7651341746222537,3.7544742262194957,right,3
S04,S04::T03,A,0.85,0.5319763090752776,0.41765664953096915,3.716526197661338,3.7948421898621842,3.7586802149117355,center,3
S04,S04::T03,A,0.8666666666666667,0.5718060930372658,0.44452485992856483,3.739213896669432,3.804041495910783,3.7728252487400527,center,3
S04,S04::T03,A,0.8833333333333333,0.5842279080515317,0.4104046300193574,3.8108049867711387,3.821833066845307,3.803949506642426,center,3
S04,S04::T03,A,0.9,0.5823670701355566,0.45519800882438566,3.6373855219876,3.649464547818195,3.667714099865698,center,3
S04,S04::T03,A,0.9166666666666666,0.503474669369715,0.39291253026295075,3.6745165277854475,3.6560760775925156,3.6709626405253597,center,3
S04,S04::T03,A,0.9333333333333333,0.5091886202150598,0.43399722123323764,3.515465562546777,3.531272033911782,3.542694502649001,center,3
S04,S04::T03,A,0.95,0.5169803858451912,0.4541237697560225,3.6921464171209526,3.718416543324715,3.715289259043513,center,3
S04,S04::T03,A,0.9666666666666667,0.4600821112525084,0.38517254124540234,3.6062066559856625,3.5445832207041077,3.626391141068096,center,3
S04,S04::T03,A,0.9833333333333333,0.48364482653802443,0.4016153828439973,3.6198818951251686,3.575526994452795,3.5749896522839073,center,3
S04,S04::T03,A,1.0,0.5182658825977989,0.36889723081128045,3.6867847160755347,3.618531511826832,3.670748044538971,center,3
S04,S04::T03,A,1.0166666666666666,0.5239315041748872,0.3747296726844745,3.5831720352929084,3.6130505163196345,3.612656644133598,center,3
S04,S04::T03,A,1.0333333333333334,0.4343033816582212,0.4050472638086077,3.776949681525374,3.730262616603458,3.7198921020658666,center,3
S04,S04::T03,A,1.05,0.4378223344222498,0.4023013467608343,3.7144467066018088,3.730505885086552,3.725957208344425,center,3
S04,S04::T03,A,1.0666666666666667,0.43396899816494344,0.42173228848033434,3.640651956307559,3.6500936475243457,3.678494633612375,center,3
S04,S04::T03,A,1.0833333333333333,0.49665104789137815,0.3644124386048182,3.6256708109377476,3.6061561121093675,3.604693565105429,center,3
S04,S04::T03,A,1.1,0.42049479205119067,0.395676813816627,3.541164978460337,3.567327998083198,3.5360457700122385,center,3
S04,S04::T03,A,1.1166666666666667,0.43741370763883086,0.410235842534042,3.561109655580422,3.515495857180155,3.5560005807690414,center,3
S04,S04::T03,A,1.1333333333333333,0.4642123222827227,0.3810974200257088,3.584699332632991,3.560007501634099,3.5424646264378286,center,3
S04,S04::T03,A,1.15,0.4401095751770066,0.3929734661670976,3.595126501647725,3.553209432773209,3.567682198045891,center,3
S04,S04::T03,A,1.1666666666666667,0.4327725400335927,0.3297790471943994,3.576170024685629,3.604884720683369,3.563740036026699,center,3
S04,S04::T03,A,1.1833333333333333,0.442932204072063,0.3483295058776389,3.6642714050211787,3.7019635099058523,3.680049759241125,center,3
S04,S04::T03,A,1.2,0.33188772654139803,0.42138771598494307,3.6548498967767027,3.6668351143859983,3.617452150041989,left,3
S04,S04::T03,A,1.2166666666666666,0.39671927453297046,0.3188983928120192,3.642782798973827,3.6454965962602612,3.6735164241236142,left,3
S04,S04::T03,A,1.2333333333333334,0.38492982009871624,0.3147582217737158,3.547246871599411,3.567868728746404,3.5679180617584576,left,3
S04,S04::T03,A,1.25,0.3486020277380059,0.3839724751017271,3.492024914695783,3.4987427271471474,3.495148000482605,left,3
S04,S04::T03,A,1.2666666666666666,0.40036607740909563,0.32560659133489755,3.5163791674482026,3.4836352135693023,3.5038188108377395,center,3
S04,S04::T03,A,1.2833333333333334,0.4016379818210736,0.43286604683274954,3.5502631432654423,3.5065693134388,3.53506317769144,center,3
S04,S04::T03,A,1.3,0.3322487506538504,0.4249957184697818,3.5508465921102323,3.5181332622041923,3.5556947838295847,left,3
S04,S04::T03,A,1.3166666666666667,0.29516712425328107,0.35565870605830185,3.6406684171692913,3.5283895955965447,3.5972417165376616,left,3
S04,S04::T03,A,1.3333333333333333,0.24484577471888816,0.3862587687092065,3.4748206262646995,3.4503201464042785,3.489548025067302,left,3
S04,S04::T03,A,1.35,0.40888432489588755,0.3504970288050238,3.5126488799540794,3.5154370017647114,3.4980408337753244,center,3
S04,S04::T03,A,1.3666666666666667,0.3140992867089827,0.31454866935001535,3.523826266120126,3.500643848301478,3.529252554168976,left,3
S04,S04::T03,A,1.3833333333333333,0.3409822572597136,0.39549046516718495,3.556419662510915,3.5740639399464706,3.5951421445562395,left,3
S04,S04::T03,A,1.4,0.3290332933546917,0.33423382481397274,3.4878220787155536,3.519323234084112,3.486895350278355,left,3
S04,S04::T03,A,1.4166666666666667,0.37897527652419916,0.4111938430564752,3.55439812683261,3.5716437718031484,3.5419415632391003,left,3
S04,S04::T03,A,1.4333333333333333,0.27248178179401167,0.44383073174290644,3.4422882983267655,3.440591393909723,3.4434530762827813,left,3
S04,S04::T03,A,1.45,0.31278877699271007,0.4060081565418262,3.5429252587890208,3.540279733933393,3.532380458427862,left,3
S04,S04::T03,A,1.4666666666666666,0.2906388278959656,0.44824348381440204,3.5186824104391436,3.5541263923679773,3.5357988681750703,left,3
S04,S04::T03,A,1.4833333333333334,0.3022732831413957,0.3961300102161278,3.549418644983859,3.5252833353473365,3.540121536652447,left,3
S04,S04::T04,B,0.0,0.5217612785018166,0.6389443364248325,3.6091012101370343,3.627022192142134,3.616130952251284,center,4
S04,S04::T04,B,0.016666666666666666,0.49127379946076705,0.5617353278264563,3.681931463650407,3.6440447088038965,3.6569004056688343,center,4
S04,S04::T04,B,0.03333333333333333,0.5130011187648809,0.5901891143901191,3.7204366248992224,3.640230793505693,3.69217952130092,center,4
S04,S04::T04,B,0.05,0.5127465025006581,0.6344572420281921,3.785915064635191,3.703084771305877,3.7453575607715974,center,4
S04,S04::T04,B,0.06666666666666667,0.5398625439458264,0.5268890652946008,3.629376120930695,3.642516171447787,3.647227889093306,center,4
S04,S04::T04,B,0.08333333333333333,0.577579674014502,0.6038942741097301,3.5881615553862343,3.6535959397609097,3.60384167351574,center,4
S04,S04::T04,B,0.1,0.5104716480360723,0.5788472573090537,3.6603713885081857,3.72477422850784,3.6766793991711584,center,4
S04,S04::T04,B,0.11666666666666667,0.580684010982283,0.6146367981710839,3.609115093214125,3.653709291266998,3.7088079869521535,center,4
S04,S04::T04,B,0.13333333333333333,0.5655583571223423,0.5379337087415645,3.7431335831904993,3.7107825714485707,3.7416254621363723,center,4
S04,S04::T04,B,0.15,0.556979920674461,0.5989918949520008,3.6431805087693125,3.672678893360265,3.6840505438828766,center,4
S04,S04::T04,B,0.16666666666666666,0.5474252950662862,0.6058509817221968,3.609197975963693,3.6053557667942333,3.6245830583884557,center,4
S04,S04::T04,B,0.18333333333333332,0.6224145071635158,0.544990390246691,3.607264784086974,3.6228936522800037,3.6242754945567976,right,4
S04,S04::T04,B,0.2,0.5942034142355824,0.6220397999969868,3.6208226363337244,3.6271579692516034,3.608341733181706,center,4
S04,S04::T04,B,0.21666666666666667,0.623272871483127,0.6144734690056519,3.6915362213277914,3.6560661931383036,3.6928407500435134,right,4
S04,S04::T04,B,0.23333333333333334,0.6329299034460903,0.6240715274409554,3.606127581024238,3.6142433207770344,3.63057037109695,right,4
S04,S04::T04,B,0.25,0.6825168997970577,0.5596158605929645,3.685270850740531,3.6396808149272286,3.669295727148446,right,4
S04,S04::T04,B,0.26666666666666666,0.6874760557804334,0.6036009967906061,3.77435662357352,3.715111909918124,3.7518166775338733,right,4
S04,S04::T04,B,0.2833333333333333,0.6737142159942489,0.586755016880405,3.677554434775381,3.666402770735468,3.6769757300309993,right,4
S04,S04::T04,B,0.3,0.6814089261146201,0.6152261948863219,3.727648858391863,3.736624273528608,3.71239451466267,right,4
S04,S04::T04,B,0.31666666666666665,0.7308534592549103,0.6057251526565555,3.7167146432150204,3.7075329285759184,3.7222196845747577,right,4
S04,S04::T04,B,0.3333333333333333,0.6727593871014281,0.5606983891422148,3.6788564647418736,3.6411378005139334,3.6592160769690425,right,4
S04,S04::T04,B,0.35,0.6870198238084431,0.579829367947844,3.696117316547792,3.6931513520145574,3.69009951090755,right,4
S04,S04::T04,B,0.36666666666666664,0.6878453555419112,0.5938832996296641,3.753406226340155,3.7469357828897563,3.765991441966336,right,4
S04,S04::T04,B,0.38333333333333336,0.6481915279880481,0.5630445664975788,3.6848928700635217,3.6733885104365096,3.665739991975852,right,4
S04,S04::T04,B,0.4,0.6763543729428915,0.5912128130494126,3.7929446807279907,3.787539155934823,3.8205101172426206,right,4
S04,S04::T04,B,0.4166666666666667,0.6818894879037718,0.5727595857709681,3.8118596672214045,3.8344808123939282,3.786005789730032,right,4
S04,S04::T04,B,0.43333333333333335,0.6861076164773251,0.5627634275927114,3.800463278864634,3.7990499829765683,3.80390245195818,right,4
S04,S04::T04,B,0.45,0.6879008376329808,0.5319394114942831,3.7629375987812126,3.727213642315181,3.7428173821560864,right,4
S04,S04::T04,B,0.4666666666666667,0.6795780698132621,0.5179539118953503,3.696017562825192,3.746027155922608,3.728825218348146,right,4
S04,S04::T04,B,0.48333333333333334,0.7083913458790517,0.4723289253439494,3.814587677796954,3.8520453590860417,3.820061188537504,right,4
S04,S04::T04,B,0.5,0.6426047786802768,0.46847036292609,3.928859110484812,3.9430610454225734,3.9241212494195166,right,4
S04,S04::T04,B,0.5166666666666667,0.6987741928271308,0.4846351043882512,3.8406320398346243,3.870584494849498,3.857197049758769,right,4
S04,S04::T04,B,0.5333333333333333,0.656068086781883,0.5295674928323177,3.7668868216119002,3.8005293867404295,3.77729171040702,right,4
S04,S04::T04,B,0.55,0.6076531190170307,0.4956524703614474,3.7519145916745993,3.7121371935230374,3.7156762495671987,right,4
S04,S04::T04,B,0.5666666666666667,0.6266146951174424,0.5055384833418727,3.8116066059526608,3.7725190652668883,3.817531482656213,right,4
S04,S04::T04,B,0.5833333333333334,0.6743292835695,0.5186991664624656,3.8627680813155165,3.867724022017757,3.817086822964121,right,4
S04,S04::T04,B,0.6,0.6978918381061552,0.42377811339029675,3.82013478035276,3.757518815575627,3.788550125461131,right,4
S04,S04::T04,B,0.6166666666666667,0.6526753044708716,0.4941368902245915,3.8244512499325842,3.8046558326395536,3.826304330766498,right,4
S04,S04::T04,B,0.6333333333333333,0.6628969543668872,0.565067379490328,3.9596317590057417,3.946381204091457,3.9556575428666507,right,4
S04,S04::T04,B,0.65,0.679584858660124,0.4874630292595721,3.834427171996198,3.7870203359176786,3.8409998182830596,right,4
S04,S04::T04,B,0.6666666666666666,0.6458673317901215,0.45749354220570365,3.9052017943128634,3.929064025973886,3.906626026069926,right,4
S04,S04::T04,B,0.6833333333333333,0.6740775076067878,0.4644689504718174,3.9555897235142643,3.940261112139813,3.9666333926079322,right,4
S04,S04::T04,B,0.7,0.6980566051937294,0.43502711836615154,3.94085231891385,3.9481784273766722,3.9644940053159785,right,4
S04,S04::T04,B,0.7166666666666667,0.6827705337438218,0.4807749642270586,3.946516324345927,3.9460111114445504,3.960602046343947,right,4
S04,S04::T04,B,0.7333333333333333,0.6104939525137217,0.5388043090342296,3.909628102308949,3.8391014404568335,3.8560406290691076,right,4
S04,S04::T04,B,0.75,0.592527042583316,0.5311467236973944,3.9472701552395564,3.9733841195768074,3.953828072861758,center,4
S04,S04::T04,B,0.7666666666666667,0.6907279932085164,0.39205426113265196,3.7979437520987807,3.7693828685321655,3.7940536644986858,right,4
S04,S04::T04,B,0.7833333333333333,0.6579424061689891,0.43529866992068544,3.834991421802481,3.846948940943477,3.84961140398747,right,4
S04,S04::T04,B,0.8,0.6596345019806039,0.4743444364569424,3.973319184680175,3.9336488986921174,3.9648535154474076,right,4
S04,S04::T04,B,0.8166666666666667,0.6122722637884095,0.42521771415740567,3.998541390910803,4.000486948922683,3.9773628269417474,right,4
S04,S04::T04,B,0.8333333333333334,0.5729921416435609,0.5101909441646972,3.9609897186708296,3.9757918784596575,3.9794127311111804,center,4
S04,S04::T04,B,0.85,0.6102013745668455,0.39967497789151923,3.9502644148175734,3.922600307319252,3.9336900703626143,right,4
S04,S04::T04,B,0.8666666666666667,0.5393934622412576,0.457338688157016,3.9014657743417653,3.9371085103856633,3.959719211111848,center,4
S04,S04::T04,B,0.8833333333333333,0.5593175837067929,0.4158348114943591,3.9567873504852713,3.868338640353459,3.8910735173064905,center,4
S04,S04::T04,B,0.9,0.5787461990838562,0.39550312555241035,3.829571566180979,3.886032225474852,3.836273295215178,center,4
S04,S04::T04,B,0.9166666666666666,0.5581457034254359,0.3472540818231819,3.9012167611696325,3.8994683471062355,3.9153177675515156,center,4
S04,S04::T04,B,0.9333333333333333,0.5128468703307967,0.42026444827578807,3.9494428751455355,3.9863644564491425,3.9738034642446878,center,4
S04,S04::T04,B,0.95,0.5509719403957656,0.44186570829174016,3.9644476395125072,4.0113826073103604,3.9885836671386072,center,4
S04,S04::T04,B,0.9666666666666667,0.5135677386493472,0.43159313183719133,3.94077714887505,3.9506665805365992,3.9113697646007584,center,4
S04,S04::T04,B,0.9833333333333333,0.5380846110857302,0.43256021060942496,3.8151446498505566,3.776425968552181,3.7833967085517166,center,4
S04,S04::T04,B,1.0,0.4944447016839215,0.4085493772061489,3.8284577319811848,3.8440880396490864,3.8676677278759937,center,4
S04,S04::T04,B,1.0166666666666666,0.49122872292346326,0.4083805437699895,3.8980229119505796,3.839990934363822,3.8402789863757087,center,4
S04,S04::T04,B,1.0333333333333334,0.44988255415209155,0.4411267880271823,3.814545022062432,3.7614635493440587,3.7982758929975464,center,4
S04,S04::T04,B,1.05,0.5406162148848178,0.3261060814654273,3.867852462847698,3.844894057213893,3.838776480928304,center,4
S04,S04::T04,B,1.0666666666666667,0.5211481075046224,0.429713369925844,3.7502380177070878,3.7943605138479066,3.7694658116006856,center,4
S04,S04::T04,B,1.0833333333333333,0.42827421950063255,0.39106546748916826,3.8016305601066707,3.735887800290669,3.7906974564039255,center,4
S04,S04::T04,B,1.1,0.4319884038129419,0.3414438937394506,3.8681229369390637,3.8573211233600326,3.851382512616003,center,4
S04,S04::T04,B,1.1166666666666667,0.4820592374414375,0.39602600212328787,3.685480998663802,3.7060299849634672,3.71602133981528,center,4
S04,S04::T04,B,1.1333333333333333,0.39083028995684216,0.3192119887757878,3.811632358145623,3.8620564418294605,3.8291314725696255,left,4
S04,S04::T04,B,1.15,0.45773146695189826,0.40774742003661957,3.756478888613884,3.73801532875527,3.7394707891573997,center,4
S04,S04::T04,B,1.1666666666666667,0.4430036902018886,0.37458135528396796,3.7779439130155437,3.787678044867858,3.776531742884038,center,4
S04,S04::T04,B,1.1833333333333333,0.39076253248939874,0.34968524546999313,3.8782148605390234,3.8921775311405042,3.861137353476561,left,4
S04,S04::T04,B,1.2,0.4366627755304476,0.43875252467986076,3.7495961375397067,3.6865824948091515,3.7072678176412444,center,4
S04,S04::T04,B,1.2166666666666666,0.40363701728409895,0.3104377464568723,3.712685258410726,3.7254060765867028,3.726862908845217,center,4
S04,S04::T04,B,1.2333333333333334,0.3891612092611201,0.43316200861725634,3.7735456986401803,3.8080861062892595,3.785040373756345,left,4
S04,S04::T04,B,1.25,0.3873218902567633,0.4115106059346289,3.7439335300238987,3.757818624803094,3.760426028701623,left,4
S04,S04::T04,B,1.2666666666666666,0.3786985443723098,0.3360745333900278,3.8594983359033184,3.88797539283502,3.866584851567662,left,4
S04,S04::T04,B,1.2833333333333334,0.32478617106479785,0.3697062166761548,3.799826869826013,3.7487276500059736,3.7661126029079735,left,4
S04,S04::T04,B,1.3,0.36096105175057125,0.3367811615321476,3.6980887501555433,3.742809419435851,3.714470725190702,left,4
S04,S04::T04,B,1.3166666666666667,0.3461927236041008,0.34053817972655664,3.6766014560010953,3.670403128548559,3.652653897817741,left,4
S04,S04::T04,B,1.3333333333333333,0.3391091538474596,0.46684377150101264,3.767395515930218,3.7367215334842157,3.7206844182818566,left,4
S04,S04::T04,B,1.35,0.3586131516883939,0.35131543281528,3.8354826867899834,3.813202029891835,3.831765708049292,left,4
S04,S04::T04,B,1.3666666666666667,0.32721918472415856,0.3883380300082918,3.71824208754982,3.7439562856884985,3.7209559032684876,left,4
S04,S04::T04,B,1.3833333333333333,0.3414723360518784,0.4183913126296914,3.644834330062888,3.6025104014654987,3.621922446954844,left,4
S04,S04::T04,B,1.4,0.3536440444578194,0.3759218445047291,3.647235974728266,3.6223274348746255,3.6757558699661494,left,4
S04,S04::T04,B,1.4166666666666667,0.3042525948824882,0.3649417508448174,3.6465436403826397,3.6744269610429012,3.6526964614527495,left,4
S04,S04::T04,B,1.4333333333333333,0.3238155332299959,0.3968248654223873,3.7224459185021135,3.7049833591729677,3.7054635949149244,left,4
S04,S04::T04,B,1.45,0.293546302861684,0.3931355544604484,3.650282362068733,3.7196008814804773,3.6725720683268097,left,4
S04,S04::T04,B,1.4666666666666666,0.31539712558369215,0.361426548510677,3.649100276544008,3.6472877511633737,3.6480375003422387,left,4
S04,S04::T04,B,1.4833333333333334,0.3505939887313943,0.402295585307263,3.6563929564820006,3.6555750120101678,3.6214233648672294,left,4
